"Group","Plugin","Plugin Name","Family","Severity","IP Address","Protocol","Port","MAC Address","DNS Name","NetBIOS Name","Plugin Text","First Discovered","Last Observed","Vuln Publication Date","Patch Publication Date","Plugin Publication Date"
"","35291","SSL Certificate Signed Using Weak Hashing Algorithm","General","Medium","EXAMPLE","TCP","443","","","SERVERHOSTEX025","N/A","Dec 9, 2019 17:13:04 EST","Dec 9, 2019 17:13:04 EST","Aug 18, 2004 12:00:00 EDT","N/A","Jan 5, 2009 12:00:00 EST"
"","42873","SSL Medium Strength Cipher Suites Supported (SWEET32)","General","Medium","EXAMPLE","TCP","443","","","SERVERHOSTEX025","N/A","Dec 9, 2019 17:13:04 EST","Dec 9, 2019 17:13:04 EST","Aug 24, 2016 12:00:00 EDT","N/A","Nov 23, 2009 12:00:00 EST"
"","51192","SSL Certificate Cannot Be Trusted","General","Medium","EXAMPLE","TCP","443","","","SERVERHOSTEX025","N/A","Dec 9, 2019 17:13:04 EST","Dec 9, 2019 17:13:04 EST","N/A","N/A","Dec 15, 2010 12:00:00 EST"
"","57582","SSL Self-Signed Certificate","General","Medium","EXAMPLE","TCP","443","","","SERVERHOSTEX025","N/A","Dec 9, 2019 17:13:04 EST","Dec 9, 2019 17:13:04 EST","N/A","N/A","Jan 17, 2012 12:00:00 EST"
"","69551","SSL Certificate Chain Contains RSA Keys Less Than 2048 bits","General","Low","EXAMPLE","TCP","443","","","SERVERHOSTEX025","N/A","Dec 9, 2019 17:13:04 EST","Dec 9, 2019 17:13:04 EST","N/A","N/A","Sep 3, 2013 12:00:00 EDT"
"","71049","SSH Weak MAC Algorithms Enabled","Misc.","Low","EXAMPLE","TCP","22","","","SERVERHOSTEX025","N/A","Oct 15, 2019 05:10:45 EDT","Dec 9, 2019 17:13:04 EST","N/A","N/A","Nov 22, 2013 12:00:00 EST"
"","83875","SSL/TLS Diffie-Hellman Modulus <= 1024 Bits (Logjam)","Misc.","Low","EXAMPLE","TCP","443","","","SERVERHOSTEX025","N/A","Dec 9, 2019 17:13:04 EST","Dec 9, 2019 17:13:04 EST","May 20, 2015 12:00:00 EDT","N/A","May 28, 2015 12:00:00 EDT"
"","97861","Network Time Protocol (NTP) Mode 6 Scanner","Misc.","Medium","EXAMPLE","UDP","123","","","SERVERHOSTEX025","N/A","Nov 25, 2019 17:12:47 EST","Dec 9, 2019 17:13:04 EST","N/A","N/A","Mar 21, 2017 12:00:00 EDT"
"","42263","Unencrypted Telnet Server","Misc.","Medium","EXAMPLE","TCP","9131","","","SERVERHOSTEX025","N/A","Dec 2, 2019 19:10:23 EST","Dec 9, 2019 17:13:04 EST","N/A","N/A","Oct 27, 2009 12:00:00 EDT"
"","71049","SSH Weak MAC Algorithms Enabled","Misc.","Low","EXAMPLE","TCP","22","","","SERVERHOSTEX025","N/A","Dec 9, 2019 17:13:04 EST","Dec 9, 2019 17:13:04 EST","N/A","N/A","Nov 22, 2013 12:00:00 EST"
"","97861","Network Time Protocol (NTP) Mode 6 Scanner","Misc.","Medium","EXAMPLE","UDP","123","","","SERVERHOSTEX025","N/A","Dec 2, 2019 19:10:23 EST","Dec 9, 2019 17:13:04 EST","N/A","N/A","Mar 21, 2017 12:00:00 EDT"
"","35291","SSL Certificate Signed Using Weak Hashing Algorithm","General","Medium","EXAMPLE","TCP","443","","","SERVERHOSTEX025","N/A","Dec 9, 2019 17:13:04 EST","Dec 9, 2019 17:13:04 EST","Aug 18, 2004 12:00:00 EDT","N/A","Jan 5, 2009 12:00:00 EST"
"","42873","SSL Medium Strength Cipher Suites Supported (SWEET32)","General","Medium","EXAMPLE","TCP","443","","","SERVERHOSTEX025","N/A","Dec 9, 2019 17:13:04 EST","Dec 9, 2019 17:13:04 EST","Aug 24, 2016 12:00:00 EDT","N/A","Nov 23, 2009 12:00:00 EST"
"","51192","SSL Certificate Cannot Be Trusted","General","Medium","EXAMPLE","TCP","443","","","SERVERHOSTEX025","N/A","Dec 9, 2019 17:13:04 EST","Dec 9, 2019 17:13:04 EST","N/A","N/A","Dec 15, 2010 12:00:00 EST"
"","57582","SSL Self-Signed Certificate","General","Medium","EXAMPLE","TCP","443","","","SERVERHOSTEX025","N/A","Dec 9, 2019 17:13:04 EST","Dec 9, 2019 17:13:04 EST","N/A","N/A","Jan 17, 2012 12:00:00 EST"
"","69551","SSL Certificate Chain Contains RSA Keys Less Than 2048 bits","General","Low","EXAMPLE","TCP","443","","","SERVERHOSTEX025","N/A","Dec 9, 2019 17:13:04 EST","Dec 9, 2019 17:13:04 EST","N/A","N/A","Sep 3, 2013 12:00:00 EDT"
"","71049","SSH Weak MAC Algorithms Enabled","Misc.","Low","EXAMPLE","TCP","22","","","SERVERHOSTEX025","N/A","Sep 24, 2019 07:02:31 EDT","Dec 9, 2019 17:13:04 EST","N/A","N/A","Nov 22, 2013 12:00:00 EST"
"","83875","SSL/TLS Diffie-Hellman Modulus <= 1024 Bits (Logjam)","Misc.","Low","EXAMPLE","TCP","443","","","SERVERHOSTEX024","N/A","Dec 9, 2019 17:13:04 EST","Dec 9, 2019 17:13:04 EST","May 20, 2015 12:00:00 EDT","N/A","May 28, 2015 12:00:00 EDT"
"","97861","Network Time Protocol (NTP) Mode 6 Scanner","Misc.","Medium","EXAMPLE","UDP","123","","","SERVERHOSTEX024","N/A","Dec 9, 2019 17:13:04 EST","Dec 9, 2019 17:13:04 EST","N/A","N/A","Mar 21, 2017 12:00:00 EDT"
"","70658","SSH Server CBC Mode Ciphers Enabled","Misc.","Low","EXAMPLE","TCP","22","","","SERVERHOSTEX024","N/A","Aug 21, 2019 02:55:39 EDT","Dec 9, 2019 17:13:04 EST","Nov 24, 2008 12:00:00 EST","N/A","Oct 28, 2013 12:00:00 EDT"
"","71049","SSH Weak MAC Algorithms Enabled","Misc.","Low","EXAMPLE","TCP","22","","","SERVERHOSTEX024","N/A","Aug 21, 2019 02:55:39 EDT","Dec 9, 2019 17:13:04 EST","N/A","N/A","Nov 22, 2013 12:00:00 EST"
"","97861","Network Time Protocol (NTP) Mode 6 Scanner","Misc.","Medium","EXAMPLE","UDP","123","","","SERVERHOSTEX024","N/A","Dec 9, 2019 17:13:04 EST","Dec 9, 2019 17:13:04 EST","N/A","N/A","Mar 21, 2017 12:00:00 EDT"
"","70658","SSH Server CBC Mode Ciphers Enabled","Misc.","Low","EXAMPLE","TCP","22","","","SERVERHOSTEX024","N/A","Aug 21, 2019 02:55:39 EDT","Dec 9, 2019 17:13:04 EST","Nov 24, 2008 12:00:00 EST","N/A","Oct 28, 2013 12:00:00 EDT"
"","71049","SSH Weak MAC Algorithms Enabled","Misc.","Low","EXAMPLE","TCP","22","","","SERVERHOSTEX024","N/A","Aug 21, 2019 02:55:39 EDT","Dec 9, 2019 17:13:04 EST","N/A","N/A","Nov 22, 2013 12:00:00 EST"
"","97861","Network Time Protocol (NTP) Mode 6 Scanner","Misc.","Medium","EXAMPLE","UDP","123","","","SERVERHOSTEX024","N/A","Dec 9, 2019 17:13:04 EST","Dec 9, 2019 17:13:04 EST","N/A","N/A","Mar 21, 2017 12:00:00 EDT"
"","70658","SSH Server CBC Mode Ciphers Enabled","Misc.","Low","EXAMPLE","TCP","22","","","SERVERHOSTEX024","N/A","Aug 21, 2019 02:55:39 EDT","Dec 9, 2019 17:13:04 EST","Nov 24, 2008 12:00:00 EST","N/A","Oct 28, 2013 12:00:00 EDT"
"","71049","SSH Weak MAC Algorithms Enabled","Misc.","Low","EXAMPLE","TCP","22","","","SERVERHOSTEX024","N/A","Aug 21, 2019 02:55:39 EDT","Dec 9, 2019 17:13:04 EST","N/A","N/A","Nov 22, 2013 12:00:00 EST"
"ACTIVE DIRECTORY","97861","Network Time Protocol (NTP) Mode 6 Scanner","Misc.","Medium","EXAMPLE","UDP","123","","","SERVERHOSTEX008","N/A","Dec 9, 2019 17:13:04 EST","Dec 9, 2019 17:13:04 EST","N/A","N/A","Mar 21, 2017 12:00:00 EDT"
"ACTIVE DIRECTORY","70658","SSH Server CBC Mode Ciphers Enabled","Misc.","Low","EXAMPLE","TCP","22","","","SERVERHOSTEX008","N/A","Aug 21, 2019 02:55:39 EDT","Dec 9, 2019 17:13:04 EST","Nov 24, 2008 12:00:00 EST","N/A","Oct 28, 2013 12:00:00 EDT"
"ACTIVE DIRECTORY","71049","SSH Weak MAC Algorithms Enabled","Misc.","Low","EXAMPLE","TCP","22","","","SERVERHOSTEX008","N/A","Aug 21, 2019 02:55:39 EDT","Dec 9, 2019 17:13:04 EST","N/A","N/A","Nov 22, 2013 12:00:00 EST"
"ACTIVE DIRECTORY","97861","Network Time Protocol (NTP) Mode 6 Scanner","Misc.","Medium","EXAMPLE","UDP","123","","","SERVERHOSTEX008","N/A","Dec 9, 2019 17:13:04 EST","Dec 9, 2019 17:13:04 EST","N/A","N/A","Mar 21, 2017 12:00:00 EDT"
"ACTIVE DIRECTORY","70658","SSH Server CBC Mode Ciphers Enabled","Misc.","Low","EXAMPLE","TCP","22","","","SERVERHOSTEX008","N/A","Aug 21, 2019 02:55:39 EDT","Dec 9, 2019 17:13:04 EST","Nov 24, 2008 12:00:00 EST","N/A","Oct 28, 2013 12:00:00 EDT"
"ACTIVE DIRECTORY","71049","SSH Weak MAC Algorithms Enabled","Misc.","Low","EXAMPLE","TCP","22","","","SERVERHOSTEX008","N/A","Aug 21, 2019 02:55:39 EDT","Dec 9, 2019 17:13:04 EST","N/A","N/A","Nov 22, 2013 12:00:00 EST"
"ACTIVE DIRECTORY","97861","Network Time Protocol (NTP) Mode 6 Scanner","Misc.","Medium","EXAMPLE","UDP","123","","","SERVERHOSTEX008","N/A","Dec 9, 2019 17:13:04 EST","Dec 9, 2019 17:13:04 EST","N/A","N/A","Mar 21, 2017 12:00:00 EDT"
"ACTIVE DIRECTORY","70658","SSH Server CBC Mode Ciphers Enabled","Misc.","Low","EXAMPLE","TCP","22","","","SERVERHOSTEX008","N/A","Aug 21, 2019 02:55:39 EDT","Dec 9, 2019 17:13:04 EST","Nov 24, 2008 12:00:00 EST","N/A","Oct 28, 2013 12:00:00 EDT"
"ACTIVE DIRECTORY","71049","SSH Weak MAC Algorithms Enabled","Misc.","Low","EXAMPLE","TCP","22","","","SERVERHOSTEX008","N/A","Aug 21, 2019 02:55:39 EDT","Dec 9, 2019 17:13:04 EST","N/A","N/A","Nov 22, 2013 12:00:00 EST"
"ACTIVE DIRECTORY","97861","Network Time Protocol (NTP) Mode 6 Scanner","Misc.","Medium","EXAMPLE","UDP","123","","","SERVERHOSTEX008","N/A","Dec 9, 2019 17:13:04 EST","Dec 9, 2019 17:13:04 EST","N/A","N/A","Mar 21, 2017 12:00:00 EDT"
"ACTIVE DIRECTORY","70658","SSH Server CBC Mode Ciphers Enabled","Misc.","Low","EXAMPLE","TCP","22","","","SERVERHOSTEX008","N/A","Aug 21, 2019 02:55:39 EDT","Dec 9, 2019 17:13:04 EST","Nov 24, 2008 12:00:00 EST","N/A","Oct 28, 2013 12:00:00 EDT"
"ACTIVE DIRECTORY","71049","SSH Weak MAC Algorithms Enabled","Misc.","Low","EXAMPLE","TCP","22","","","SERVERHOSTEX008","N/A","Aug 21, 2019 02:55:39 EDT","Dec 9, 2019 17:13:04 EST","N/A","N/A","Nov 22, 2013 12:00:00 EST"
"ACTIVE DIRECTORY","97861","Network Time Protocol (NTP) Mode 6 Scanner","Misc.","Medium","EXAMPLE","UDP","123","","","SERVERHOSTEX008","N/A","Aug 21, 2019 02:55:39 EDT","Dec 9, 2019 17:13:04 EST","N/A","N/A","Mar 21, 2017 12:00:00 EDT"
"ACTIVE DIRECTORY","42873","SSL Medium Strength Cipher Suites Supported (SWEET32)","General","Medium","EXAMPLE","TCP","281","","","SERVERHOSTEX008","N/A","Nov 15, 2019 17:29:54 EST","Dec 7, 2019 00:28:09 EST","Aug 24, 2016 12:00:00 EDT","N/A","Nov 23, 2009 12:00:00 EST"
"ACTIVE DIRECTORY","51192","SSL Certificate Cannot Be Trusted","General","Medium","EXAMPLE","TCP","281","","","SERVERHOSTEX008","N/A","Nov 15, 2019 17:29:54 EST","Dec 7, 2019 00:28:09 EST","N/A","N/A","Dec 15, 2010 12:00:00 EST"
"ACTIVE DIRECTORY","57582","SSL Self-Signed Certificate","General","Medium","EXAMPLE","TCP","281","","","SERVERHOSTEX008","N/A","Nov 15, 2019 17:29:54 EST","Dec 7, 2019 00:28:09 EST","N/A","N/A","Jan 17, 2012 12:00:00 EST"
"ACTIVE DIRECTORY","42873","SSL Medium Strength Cipher Suites Supported (SWEET32)","General","Medium","EXAMPLE","TCP","281","","","SERVERHOSTEX008","N/A","Oct 22, 2019 12:32:39 EDT","Dec 7, 2019 00:28:09 EST","Aug 24, 2016 12:00:00 EDT","N/A","Nov 23, 2009 12:00:00 EST"
"ACTIVE DIRECTORY","51192","SSL Certificate Cannot Be Trusted","General","Medium","EXAMPLE","TCP","281","","","SERVERHOSTEX008","N/A","Oct 22, 2019 12:32:39 EDT","Dec 7, 2019 00:28:09 EST","N/A","N/A","Dec 15, 2010 12:00:00 EST"
"","57582","SSL Self-Signed Certificate","General","Medium","EXAMPLE","TCP","281","","","SERVERHOSTEX023","N/A","Oct 22, 2019 12:32:39 EDT","Dec 7, 2019 00:28:09 EST","N/A","N/A","Jan 17, 2012 12:00:00 EST"
"","42873","SSL Medium Strength Cipher Suites Supported (SWEET32)","General","Medium","EXAMPLE","TCP","281","","","SERVERHOSTEX023","N/A","Oct 24, 2019 14:18:48 EDT","Dec 7, 2019 00:28:09 EST","Aug 24, 2016 12:00:00 EDT","N/A","Nov 23, 2009 12:00:00 EST"
"","51192","SSL Certificate Cannot Be Trusted","General","Medium","EXAMPLE","TCP","281","","","SERVERHOSTEX023","N/A","Oct 24, 2019 14:18:48 EDT","Dec 7, 2019 00:28:09 EST","N/A","N/A","Dec 15, 2010 12:00:00 EST"
"","57582","SSL Self-Signed Certificate","General","Medium","EXAMPLE","TCP","281","","","SERVERHOSTEX023","N/A","Oct 24, 2019 14:18:48 EDT","Dec 7, 2019 00:28:09 EST","N/A","N/A","Jan 17, 2012 12:00:00 EST"
"","42873","SSL Medium Strength Cipher Suites Supported (SWEET32)","General","Medium","EXAMPLE","TCP","281","","","SERVERHOSTEX023","N/A","Oct 26, 2019 07:29:01 EDT","Dec 7, 2019 00:28:09 EST","Aug 24, 2016 12:00:00 EDT","N/A","Nov 23, 2009 12:00:00 EST"
"","51192","SSL Certificate Cannot Be Trusted","General","Medium","EXAMPLE","TCP","281","","","SERVERHOSTEX023","N/A","Oct 26, 2019 07:29:01 EDT","Dec 7, 2019 00:28:09 EST","N/A","N/A","Dec 15, 2010 12:00:00 EST"
"","57582","SSL Self-Signed Certificate","General","Medium","EXAMPLE","TCP","281","","","SERVERHOSTEX023","N/A","Oct 26, 2019 07:29:01 EDT","Dec 7, 2019 00:28:09 EST","N/A","N/A","Jan 17, 2012 12:00:00 EST"
"","42873","SSL Medium Strength Cipher Suites Supported (SWEET32)","General","Medium","EXAMPLE","TCP","281","","","SERVERHOSTEX023","N/A","Oct 24, 2019 14:18:48 EDT","Dec 7, 2019 00:28:09 EST","Aug 24, 2016 12:00:00 EDT","N/A","Nov 23, 2009 12:00:00 EST"
"","51192","SSL Certificate Cannot Be Trusted","General","Medium","EXAMPLE","TCP","281","","","SERVERHOSTEX023","N/A","Oct 24, 2019 14:18:48 EDT","Dec 7, 2019 00:28:09 EST","N/A","N/A","Dec 15, 2010 12:00:00 EST"
"","57582","SSL Self-Signed Certificate","General","Medium","EXAMPLE","TCP","281","","","SERVERHOSTEX023","N/A","Oct 24, 2019 14:18:48 EDT","Dec 7, 2019 00:28:09 EST","N/A","N/A","Jan 17, 2012 12:00:00 EST"
"","42873","SSL Medium Strength Cipher Suites Supported (SWEET32)","General","Medium","EXAMPLE","TCP","281","","","SERVERHOSTEX023","N/A","Dec 7, 2019 00:28:09 EST","Dec 7, 2019 00:28:09 EST","Aug 24, 2016 12:00:00 EDT","N/A","Nov 23, 2009 12:00:00 EST"
"","51192","SSL Certificate Cannot Be Trusted","General","Medium","EXAMPLE","TCP","281","","","SERVERHOSTEX023","N/A","Dec 7, 2019 00:28:09 EST","Dec 7, 2019 00:28:09 EST","N/A","N/A","Dec 15, 2010 12:00:00 EST"
"","57582","SSL Self-Signed Certificate","General","Medium","EXAMPLE","TCP","281","","","SERVERHOSTEX023","N/A","Dec 7, 2019 00:28:09 EST","Dec 7, 2019 00:28:09 EST","N/A","N/A","Jan 17, 2012 12:00:00 EST"
"","42873","SSL Medium Strength Cipher Suites Supported (SWEET32)","General","Medium","EXAMPLE","TCP","281","","","SERVERHOSTEX023","N/A","Oct 24, 2019 14:18:48 EDT","Dec 7, 2019 00:28:09 EST","Aug 24, 2016 12:00:00 EDT","N/A","Nov 23, 2009 12:00:00 EST"
"","51192","SSL Certificate Cannot Be Trusted","General","Medium","EXAMPLE","TCP","281","","","SERVERHOSTEX023","N/A","Oct 24, 2019 14:18:48 EDT","Dec 7, 2019 00:28:09 EST","N/A","N/A","Dec 15, 2010 12:00:00 EST"
"","57582","SSL Self-Signed Certificate","General","Medium","EXAMPLE","TCP","281","","","SERVERHOSTEX023","N/A","Oct 24, 2019 14:18:48 EDT","Dec 7, 2019 00:28:09 EST","N/A","N/A","Jan 17, 2012 12:00:00 EST"
"","42873","SSL Medium Strength Cipher Suites Supported (SWEET32)","General","Medium","EXAMPLE","TCP","281","","","SERVERHOSTEX023","N/A","Nov 15, 2019 17:29:54 EST","Dec 7, 2019 00:28:09 EST","Aug 24, 2016 12:00:00 EDT","N/A","Nov 23, 2009 12:00:00 EST"
"","51192","SSL Certificate Cannot Be Trusted","General","Medium","EXAMPLE","TCP","281","","","SERVERHOSTEX023","N/A","Nov 15, 2019 17:29:54 EST","Dec 7, 2019 00:28:09 EST","N/A","N/A","Dec 15, 2010 12:00:00 EST"
"","57582","SSL Self-Signed Certificate","General","Medium","EXAMPLE","TCP","281","","","SERVERHOSTEX023","N/A","Nov 15, 2019 17:29:54 EST","Dec 7, 2019 00:28:09 EST","N/A","N/A","Jan 17, 2012 12:00:00 EST"
"","42873","SSL Medium Strength Cipher Suites Supported (SWEET32)","General","Medium","EXAMPLE","TCP","281","","","SERVERHOSTEX023","N/A","Oct 26, 2019 07:29:01 EDT","Dec 7, 2019 00:28:09 EST","Aug 24, 2016 12:00:00 EDT","N/A","Nov 23, 2009 12:00:00 EST"
"","51192","SSL Certificate Cannot Be Trusted","General","Medium","EXAMPLE","TCP","281","","","SERVERHOSTEX023","N/A","Oct 26, 2019 07:29:01 EDT","Dec 7, 2019 00:28:09 EST","N/A","N/A","Dec 15, 2010 12:00:00 EST"
"DFS SERVER","57582","SSL Self-Signed Certificate","General","Medium","EXAMPLE","TCP","281","","","SERVERHOSTEX004","N/A","Oct 26, 2019 07:29:01 EDT","Dec 7, 2019 00:28:09 EST","N/A","N/A","Jan 17, 2012 12:00:00 EST"
"DFS SERVER","42873","SSL Medium Strength Cipher Suites Supported (SWEET32)","General","Medium","EXAMPLE","TCP","281","","","SERVERHOSTEX004","N/A","Nov 15, 2019 17:29:54 EST","Dec 7, 2019 00:28:09 EST","Aug 24, 2016 12:00:00 EDT","N/A","Nov 23, 2009 12:00:00 EST"
"DFS SERVER","51192","SSL Certificate Cannot Be Trusted","General","Medium","EXAMPLE","TCP","281","","","SERVERHOSTEX004","N/A","Nov 15, 2019 17:29:54 EST","Dec 7, 2019 00:28:09 EST","N/A","N/A","Dec 15, 2010 12:00:00 EST"
"DFS SERVER","57582","SSL Self-Signed Certificate","General","Medium","EXAMPLE","TCP","281","","","SERVERHOSTEX004","N/A","Nov 15, 2019 17:29:54 EST","Dec 7, 2019 00:28:09 EST","N/A","N/A","Jan 17, 2012 12:00:00 EST"
"DFS SERVER","42873","SSL Medium Strength Cipher Suites Supported (SWEET32)","General","Medium","EXAMPLE","TCP","281","","","SERVERHOSTEX004","N/A","Oct 22, 2019 12:32:39 EDT","Dec 7, 2019 00:28:09 EST","Aug 24, 2016 12:00:00 EDT","N/A","Nov 23, 2009 12:00:00 EST"
"DFS SERVER","51192","SSL Certificate Cannot Be Trusted","General","Medium","EXAMPLE","TCP","281","","","SERVERHOSTEX004","N/A","Oct 22, 2019 12:32:39 EDT","Dec 7, 2019 00:28:09 EST","N/A","N/A","Dec 15, 2010 12:00:00 EST"
"DFS SERVER","57582","SSL Self-Signed Certificate","General","Medium","EXAMPLE","TCP","281","","","SERVERHOSTEX004","N/A","Oct 22, 2019 12:32:39 EDT","Dec 7, 2019 00:28:09 EST","N/A","N/A","Jan 17, 2012 12:00:00 EST"
"DFS SERVER","42873","SSL Medium Strength Cipher Suites Supported (SWEET32)","General","Medium","EXAMPLE","TCP","281","","","SERVERHOSTEX004","N/A","Oct 22, 2019 12:32:39 EDT","Dec 7, 2019 00:28:09 EST","Aug 24, 2016 12:00:00 EDT","N/A","Nov 23, 2009 12:00:00 EST"
"DFS SERVER","51192","SSL Certificate Cannot Be Trusted","General","Medium","EXAMPLE","TCP","281","","","SERVERHOSTEX004","N/A","Oct 22, 2019 12:32:39 EDT","Dec 7, 2019 00:28:09 EST","N/A","N/A","Dec 15, 2010 12:00:00 EST"
"DFS SERVER","57582","SSL Self-Signed Certificate","General","Medium","EXAMPLE","TCP","281","","","SERVERHOSTEX004","N/A","Oct 22, 2019 12:32:39 EDT","Dec 7, 2019 00:28:09 EST","N/A","N/A","Jan 17, 2012 12:00:00 EST"
"DFS SERVER","130011","Oracle Java SE 1.7.0_241 / 1.8.0_231 / 1.11.0_5 / 1.13.0_1 Multiple Vulnerabilities (Oct 2019 CPU) (Windows)","Windows","High","EXAMPLE","TCP","445","","","SERVERHOSTEX004","N/A","Dec 7, 2019 00:28:09 EST","Dec 7, 2019 00:28:09 EST","Oct 15, 2019 12:00:00 EDT","Oct 15, 2019 12:00:00 EDT","Oct 17, 2019 12:00:00 EDT"
"DFS SERVER","131190","Google Chrome < 78.0.3904.108 Multiple Vulnerabilities","Windows","Medium","EXAMPLE","TCP","445","","","SERVERHOSTEX004","N/A","Dec 7, 2019 00:28:09 EST","Dec 7, 2019 00:28:09 EST","Nov 18, 2019 12:00:00 EST","Nov 18, 2019 12:00:00 EST","Nov 22, 2019 12:00:00 EST"
"DFS SERVER","42873","SSL Medium Strength Cipher Suites Supported (SWEET32)","General","Medium","EXAMPLE","TCP","281","","","SERVERHOSTEX004","N/A","Nov 14, 2019 17:45:04 EST","Dec 7, 2019 00:28:09 EST","Aug 24, 2016 12:00:00 EDT","N/A","Nov 23, 2009 12:00:00 EST"
"DFS SERVER","51192","SSL Certificate Cannot Be Trusted","General","Medium","EXAMPLE","TCP","281","","","SERVERHOSTEX004","N/A","Nov 14, 2019 17:45:04 EST","Dec 7, 2019 00:28:09 EST","N/A","N/A","Dec 15, 2010 12:00:00 EST"
"DFS SERVER","57582","SSL Self-Signed Certificate","General","Medium","EXAMPLE","TCP","281","","","SERVERHOSTEX004","N/A","Nov 14, 2019 17:45:04 EST","Dec 7, 2019 00:28:09 EST","N/A","N/A","Jan 17, 2012 12:00:00 EST"
"DFS SERVER","42873","SSL Medium Strength Cipher Suites Supported (SWEET32)","General","Medium","EXAMPLE","TCP","281","","","SERVERHOSTEX004","N/A","Oct 22, 2019 12:32:39 EDT","Dec 7, 2019 00:28:09 EST","Aug 24, 2016 12:00:00 EDT","N/A","Nov 23, 2009 12:00:00 EST"
"DFS SERVER","51192","SSL Certificate Cannot Be Trusted","General","Medium","EXAMPLE","TCP","281","","","SERVERHOSTEX004","N/A","Oct 22, 2019 12:32:39 EDT","Dec 7, 2019 00:28:09 EST","N/A","N/A","Dec 15, 2010 12:00:00 EST"
"DFS SERVER","57582","SSL Self-Signed Certificate","General","Medium","EXAMPLE","TCP","281","","","SERVERHOSTEX004","N/A","Oct 22, 2019 12:32:39 EDT","Dec 7, 2019 00:28:09 EST","N/A","N/A","Jan 17, 2012 12:00:00 EST"
"DFS SERVER","42873","SSL Medium Strength Cipher Suites Supported (SWEET32)","General","Medium","EXAMPLE","TCP","281","","","SERVERHOSTEX004","N/A","Dec 7, 2019 00:28:09 EST","Dec 7, 2019 00:28:09 EST","Aug 24, 2016 12:00:00 EDT","N/A","Nov 23, 2009 12:00:00 EST"
"DFS SERVER","51192","SSL Certificate Cannot Be Trusted","General","Medium","EXAMPLE","TCP","281","","","SERVERHOSTEX004","N/A","Dec 7, 2019 00:28:09 EST","Dec 7, 2019 00:28:09 EST","N/A","N/A","Dec 15, 2010 12:00:00 EST"
"DFS SERVER","57582","SSL Self-Signed Certificate","General","Medium","EXAMPLE","TCP","281","","","SERVERHOSTEX004","N/A","Dec 7, 2019 00:28:09 EST","Dec 7, 2019 00:28:09 EST","N/A","N/A","Jan 17, 2012 12:00:00 EST"
"DFS SERVER","42873","SSL Medium Strength Cipher Suites Supported (SWEET32)","General","Medium","EXAMPLE","TCP","281","","","SERVERHOSTEX004","N/A","Oct 25, 2019 19:48:33 EDT","Dec 7, 2019 00:28:09 EST","Aug 24, 2016 12:00:00 EDT","N/A","Nov 23, 2009 12:00:00 EST"
"SPECTRUM","51192","SSL Certificate Cannot Be Trusted","General","Medium","EXAMPLE","TCP","281","","","SERVERHOSTEX010","N/A","Oct 25, 2019 19:48:33 EDT","Dec 7, 2019 00:28:09 EST","N/A","N/A","Dec 15, 2010 12:00:00 EST"
"SPECTRUM","57582","SSL Self-Signed Certificate","General","Medium","EXAMPLE","TCP","281","","","SERVERHOSTEX010","N/A","Oct 25, 2019 19:48:33 EDT","Dec 7, 2019 00:28:09 EST","N/A","N/A","Jan 17, 2012 12:00:00 EST"
"SPECTRUM","42873","SSL Medium Strength Cipher Suites Supported (SWEET32)","General","Medium","EXAMPLE","TCP","281","","","SERVERHOSTEX010","N/A","Oct 24, 2019 14:18:48 EDT","Dec 7, 2019 00:28:09 EST","Aug 24, 2016 12:00:00 EDT","N/A","Nov 23, 2009 12:00:00 EST"
"SPECTRUM","51192","SSL Certificate Cannot Be Trusted","General","Medium","EXAMPLE","TCP","281","","","SERVERHOSTEX010","N/A","Oct 24, 2019 14:18:48 EDT","Dec 7, 2019 00:28:09 EST","N/A","N/A","Dec 15, 2010 12:00:00 EST"
"SPECTRUM","57582","SSL Self-Signed Certificate","General","Medium","EXAMPLE","TCP","281","","","SERVERHOSTEX010","N/A","Oct 24, 2019 14:18:48 EDT","Dec 7, 2019 00:28:09 EST","N/A","N/A","Jan 17, 2012 12:00:00 EST"
"SPECTRUM","42873","SSL Medium Strength Cipher Suites Supported (SWEET32)","General","Medium","EXAMPLE","TCP","281","","","SERVERHOSTEX010","N/A","Oct 27, 2019 14:53:40 EDT","Dec 7, 2019 00:28:09 EST","Aug 24, 2016 12:00:00 EDT","N/A","Nov 23, 2009 12:00:00 EST"
"SPECTRUM","51192","SSL Certificate Cannot Be Trusted","General","Medium","EXAMPLE","TCP","281","","","SERVERHOSTEX010","N/A","Oct 27, 2019 14:53:40 EDT","Dec 7, 2019 00:28:09 EST","N/A","N/A","Dec 15, 2010 12:00:00 EST"
"SPECTRUM","57582","SSL Self-Signed Certificate","General","Medium","EXAMPLE","TCP","281","","","SERVERHOSTEX010","N/A","Oct 27, 2019 14:53:40 EDT","Dec 7, 2019 00:28:09 EST","N/A","N/A","Jan 17, 2012 12:00:00 EST"
"SPECTRUM","42873","SSL Medium Strength Cipher Suites Supported (SWEET32)","General","Medium","EXAMPLE","TCP","281","","","SERVERHOSTEX010","N/A","Oct 25, 2019 19:48:33 EDT","Dec 7, 2019 00:28:09 EST","Aug 24, 2016 12:00:00 EDT","N/A","Nov 23, 2009 12:00:00 EST"
"SPECTRUM","51192","SSL Certificate Cannot Be Trusted","General","Medium","EXAMPLE","TCP","281","","","SERVERHOSTEX010","N/A","Oct 25, 2019 19:48:33 EDT","Dec 7, 2019 00:28:09 EST","N/A","N/A","Dec 15, 2010 12:00:00 EST"
"SPECTRUM","57582","SSL Self-Signed Certificate","General","Medium","EXAMPLE","TCP","281","","","SERVERHOSTEX010","N/A","Oct 25, 2019 19:48:33 EDT","Dec 7, 2019 00:28:09 EST","N/A","N/A","Jan 17, 2012 12:00:00 EST"
"SPECTRUM","42873","SSL Medium Strength Cipher Suites Supported (SWEET32)","General","Medium","EXAMPLE","TCP","281","","","SERVERHOSTEX010","N/A","Oct 25, 2019 19:48:33 EDT","Dec 7, 2019 00:28:09 EST","Aug 24, 2016 12:00:00 EDT","N/A","Nov 23, 2009 12:00:00 EST"
"SPECTRUM","51192","SSL Certificate Cannot Be Trusted","General","Medium","EXAMPLE","TCP","281","","","SERVERHOSTEX010","N/A","Oct 25, 2019 19:48:33 EDT","Dec 7, 2019 00:28:09 EST","N/A","N/A","Dec 15, 2010 12:00:00 EST"
"SPECTRUM","57582","SSL Self-Signed Certificate","General","Medium","EXAMPLE","TCP","281","","","SERVERHOSTEX010","N/A","Oct 25, 2019 19:48:33 EDT","Dec 7, 2019 00:28:09 EST","N/A","N/A","Jan 17, 2012 12:00:00 EST"
"SPECTRUM","42873","SSL Medium Strength Cipher Suites Supported (SWEET32)","General","Medium","EXAMPLE","TCP","281","","","SERVERHOSTEX010","N/A","Oct 25, 2019 19:48:33 EDT","Dec 7, 2019 00:28:09 EST","Aug 24, 2016 12:00:00 EDT","N/A","Nov 23, 2009 12:00:00 EST"
"SPECTRUM","51192","SSL Certificate Cannot Be Trusted","General","Medium","EXAMPLE","TCP","281","","","SERVERHOSTEX010","N/A","Oct 25, 2019 19:48:33 EDT","Dec 7, 2019 00:28:09 EST","N/A","N/A","Dec 15, 2010 12:00:00 EST"
"SPECTRUM","57582","SSL Self-Signed Certificate","General","Medium","EXAMPLE","TCP","281","","","SERVERHOSTEX010","N/A","Oct 25, 2019 19:48:33 EDT","Dec 7, 2019 00:28:09 EST","N/A","N/A","Jan 17, 2012 12:00:00 EST"
"SPECTRUM","35453","Microsoft Windows Update Reboot Required","Windows","High","EXAMPLE","TCP","0","","","SERVERHOSTEX010","N/A","Dec 7, 2019 00:28:09 EST","Dec 7, 2019 00:28:09 EST","N/A","N/A","Jan 23, 2009 12:00:00 EST"
"SPECTRUM","103569","Windows Defender Antimalware/Antivirus Signature Definition Check","Windows","High","EXAMPLE","TCP","445","","","SERVERHOSTEX010","N/A","Dec 7, 2019 00:28:09 EST","Dec 7, 2019 00:28:09 EST","N/A","N/A","Oct 2, 2017 12:00:00 EDT"
"SPECTRUM","127910","Microsoft Defender Elevation of Privilege Vulnerability (CVE-2019-1161)","Windows","Medium","EXAMPLE","TCP","0","","","SERVERHOSTEX010","N/A","Dec 7, 2019 00:28:09 EST","Dec 7, 2019 00:28:09 EST","Aug 13, 2019 12:00:00 EDT","Aug 13, 2019 12:00:00 EDT","Aug 16, 2019 12:00:00 EDT"
"SPECTRUM","128742","Security Updates for Microsoft .NET Framework (September 2019)","Windows : Microsoft Bulletins","Low","EXAMPLE","TCP","445","","","SERVERHOSTEX010","N/A","Dec 7, 2019 00:28:09 EST","Dec 7, 2019 00:28:09 EST","Sep 10, 2019 12:00:00 EDT","Sep 10, 2019 12:00:00 EDT","Sep 12, 2019 12:00:00 EDT"
"SPECTRUM","129977","Adobe Acrobat <= 2015.006.30503 / 2017.011.30148 / 2019.012.20040 Multiple Vulnerabilities (APSB19-49)","Windows","Critical","EXAMPLE","TCP","445","","","SERVERHOSTEX010","N/A","Dec 7, 2019 00:28:09 EST","Dec 7, 2019 00:28:09 EST","Oct 15, 2019 12:00:00 EDT","Oct 15, 2019 12:00:00 EDT","Oct 16, 2019 12:00:00 EDT"
"SPECTRUM","130011","Oracle Java SE 1.7.0_241 / 1.8.0_231 / 1.11.0_5 / 1.13.0_1 Multiple Vulnerabilities (Oct 2019 CPU) (Windows)","Windows","High","EXAMPLE","TCP","445","","","SERVERHOSTEX010","N/A","Dec 7, 2019 00:28:09 EST","Dec 7, 2019 00:28:09 EST","Oct 15, 2019 12:00:00 EDT","Oct 15, 2019 12:00:00 EDT","Oct 17, 2019 12:00:00 EDT"
"SPECTRUM","42873","SSL Medium Strength Cipher Suites Supported (SWEET32)","General","Medium","EXAMPLE","TCP","281","","","SERVERHOSTEX010","N/A","Nov 15, 2019 17:29:54 EST","Dec 7, 2019 00:28:09 EST","Aug 24, 2016 12:00:00 EDT","N/A","Nov 23, 2009 12:00:00 EST"
"SPECTRUM","51192","SSL Certificate Cannot Be Trusted","General","Medium","EXAMPLE","TCP","281","","","SERVERHOSTEX011","N/A","Nov 15, 2019 17:29:54 EST","Dec 7, 2019 00:28:09 EST","N/A","N/A","Dec 15, 2010 12:00:00 EST"
"SPECTRUM","57582","SSL Self-Signed Certificate","General","Medium","EXAMPLE","TCP","281","","","SERVERHOSTEX011","N/A","Nov 15, 2019 17:29:54 EST","Dec 7, 2019 00:28:09 EST","N/A","N/A","Jan 17, 2012 12:00:00 EST"
"SPECTRUM","42873","SSL Medium Strength Cipher Suites Supported (SWEET32)","General","Medium","EXAMPLE","TCP","281","","","SERVERHOSTEX011","N/A","Dec 7, 2019 00:28:09 EST","Dec 7, 2019 00:28:09 EST","Aug 24, 2016 12:00:00 EDT","N/A","Nov 23, 2009 12:00:00 EST"
"SPECTRUM","51192","SSL Certificate Cannot Be Trusted","General","Medium","EXAMPLE","TCP","281","","","SERVERHOSTEX011","N/A","Dec 7, 2019 00:28:09 EST","Dec 7, 2019 00:28:09 EST","N/A","N/A","Dec 15, 2010 12:00:00 EST"
"SPECTRUM","57582","SSL Self-Signed Certificate","General","Medium","EXAMPLE","TCP","281","","","SERVERHOSTEX011","N/A","Dec 7, 2019 00:28:09 EST","Dec 7, 2019 00:28:09 EST","N/A","N/A","Jan 17, 2012 12:00:00 EST"
"SPECTRUM","42873","SSL Medium Strength Cipher Suites Supported (SWEET32)","General","Medium","EXAMPLE","TCP","281","","","SERVERHOSTEX011","N/A","Dec 7, 2019 00:28:09 EST","Dec 7, 2019 00:28:09 EST","Aug 24, 2016 12:00:00 EDT","N/A","Nov 23, 2009 12:00:00 EST"
"SPECTRUM","51192","SSL Certificate Cannot Be Trusted","General","Medium","EXAMPLE","TCP","281","","","SERVERHOSTEX011","N/A","Dec 7, 2019 00:28:09 EST","Dec 7, 2019 00:28:09 EST","N/A","N/A","Dec 15, 2010 12:00:00 EST"
"SPECTRUM","57582","SSL Self-Signed Certificate","General","Medium","EXAMPLE","TCP","281","","","SERVERHOSTEX011","N/A","Dec 7, 2019 00:28:09 EST","Dec 7, 2019 00:28:09 EST","N/A","N/A","Jan 17, 2012 12:00:00 EST"
"SPECTRUM","42873","SSL Medium Strength Cipher Suites Supported (SWEET32)","General","Medium","EXAMPLE","TCP","281","","","SERVERHOSTEX011","N/A","Oct 22, 2019 12:32:39 EDT","Dec 7, 2019 00:28:09 EST","Aug 24, 2016 12:00:00 EDT","N/A","Nov 23, 2009 12:00:00 EST"
"SPECTRUM","51192","SSL Certificate Cannot Be Trusted","General","Medium","EXAMPLE","TCP","281","","","SERVERHOSTEX011","N/A","Oct 22, 2019 12:32:39 EDT","Dec 7, 2019 00:28:09 EST","N/A","N/A","Dec 15, 2010 12:00:00 EST"
"SPECTRUM","57582","SSL Self-Signed Certificate","General","Medium","EXAMPLE","TCP","281","","","SERVERHOSTEX011","N/A","Oct 22, 2019 12:32:39 EDT","Dec 7, 2019 00:28:09 EST","N/A","N/A","Jan 17, 2012 12:00:00 EST"
"SPECTRUM","42873","SSL Medium Strength Cipher Suites Supported (SWEET32)","General","Medium","EXAMPLE","TCP","281","","","SERVERHOSTEX011","N/A","Oct 26, 2019 07:29:01 EDT","Dec 7, 2019 00:28:09 EST","Aug 24, 2016 12:00:00 EDT","N/A","Nov 23, 2009 12:00:00 EST"
"SPECTRUM","51192","SSL Certificate Cannot Be Trusted","General","Medium","EXAMPLE","TCP","281","","","SERVERHOSTEX011","N/A","Oct 26, 2019 07:29:01 EDT","Dec 7, 2019 00:28:09 EST","N/A","N/A","Dec 15, 2010 12:00:00 EST"
"SPECTRUM","57582","SSL Self-Signed Certificate","General","Medium","EXAMPLE","TCP","281","","","SERVERHOSTEX011","N/A","Oct 26, 2019 07:29:01 EDT","Dec 7, 2019 00:28:09 EST","N/A","N/A","Jan 17, 2012 12:00:00 EST"
"SPECTRUM","42873","SSL Medium Strength Cipher Suites Supported (SWEET32)","General","Medium","EXAMPLE","TCP","281","","","SERVERHOSTEX011","N/A","Oct 24, 2019 14:18:48 EDT","Dec 7, 2019 00:28:09 EST","Aug 24, 2016 12:00:00 EDT","N/A","Nov 23, 2009 12:00:00 EST"
"SPECTRUM","51192","SSL Certificate Cannot Be Trusted","General","Medium","EXAMPLE","TCP","281","","","SERVERHOSTEX011","N/A","Oct 24, 2019 14:18:48 EDT","Dec 7, 2019 00:28:09 EST","N/A","N/A","Dec 15, 2010 12:00:00 EST"
"SPECTRUM","57582","SSL Self-Signed Certificate","General","Medium","EXAMPLE","TCP","281","","","SERVERHOSTEX011","N/A","Oct 24, 2019 14:18:48 EDT","Dec 7, 2019 00:28:09 EST","N/A","N/A","Jan 17, 2012 12:00:00 EST"
"SPECTRUM","42873","SSL Medium Strength Cipher Suites Supported (SWEET32)","General","Medium","EXAMPLE","TCP","281","","","SERVERHOSTEX011","N/A","Oct 22, 2019 12:32:39 EDT","Dec 7, 2019 00:28:09 EST","Aug 24, 2016 12:00:00 EDT","N/A","Nov 23, 2009 12:00:00 EST"
"SPECTRUM","51192","SSL Certificate Cannot Be Trusted","General","Medium","EXAMPLE","TCP","281","","","SERVERHOSTEX011","N/A","Oct 22, 2019 12:32:39 EDT","Dec 7, 2019 00:28:09 EST","N/A","N/A","Dec 15, 2010 12:00:00 EST"
"SPECTRUM","57582","SSL Self-Signed Certificate","General","Medium","EXAMPLE","TCP","281","","","SERVERHOSTEX011","N/A","Oct 22, 2019 12:32:39 EDT","Dec 7, 2019 00:28:09 EST","N/A","N/A","Jan 17, 2012 12:00:00 EST"
"SPECTRUM","42873","SSL Medium Strength Cipher Suites Supported (SWEET32)","General","Medium","EXAMPLE","TCP","281","","","SERVERHOSTEX011","N/A","Dec 7, 2019 00:28:09 EST","Dec 7, 2019 00:28:09 EST","Aug 24, 2016 12:00:00 EDT","N/A","Nov 23, 2009 12:00:00 EST"
"SPECTRUM","51192","SSL Certificate Cannot Be Trusted","General","Medium","EXAMPLE","TCP","281","","","SERVERHOSTEX011","N/A","Dec 7, 2019 00:28:09 EST","Dec 7, 2019 00:28:09 EST","N/A","N/A","Dec 15, 2010 12:00:00 EST"
"SPECTRUM","57582","SSL Self-Signed Certificate","General","Medium","EXAMPLE","TCP","281","","","SERVERHOSTEX011","N/A","Dec 7, 2019 00:28:09 EST","Dec 7, 2019 00:28:09 EST","N/A","N/A","Jan 17, 2012 12:00:00 EST"
"SPECTRUM","42873","SSL Medium Strength Cipher Suites Supported (SWEET32)","General","Medium","EXAMPLE","TCP","281","","","SERVERHOSTEX011","N/A","Oct 26, 2019 07:29:01 EDT","Dec 7, 2019 00:28:09 EST","Aug 24, 2016 12:00:00 EDT","N/A","Nov 23, 2009 12:00:00 EST"
"SPECTRUM","51192","SSL Certificate Cannot Be Trusted","General","Medium","EXAMPLE","TCP","281","","","SERVERHOSTEX011","N/A","Oct 26, 2019 07:29:01 EDT","Dec 7, 2019 00:28:09 EST","N/A","N/A","Dec 15, 2010 12:00:00 EST"
"SPECTRUM","57582","SSL Self-Signed Certificate","General","Medium","EXAMPLE","TCP","281","","","SERVERHOSTEX011","N/A","Oct 26, 2019 07:29:01 EDT","Dec 7, 2019 00:28:09 EST","N/A","N/A","Jan 17, 2012 12:00:00 EST"
"SPECTRUM","126263","SolarWinds Dameware Mini Remote Control Client Public Key Buffer Over-read","Windows","Medium","EXAMPLE","TCP","6129","","","SERVERHOSTEX011","N/A","Dec 7, 2019 00:28:09 EST","Dec 7, 2019 00:28:09 EST","Jun 6, 2019 12:00:00 EDT","Jun 6, 2019 12:00:00 EDT","Jun 27, 2019 12:00:00 EDT"
"SPECTRUM","42873","SSL Medium Strength Cipher Suites Supported (SWEET32)","General","Medium","EXAMPLE","TCP","281","","","SERVERHOSTEX011","N/A","Oct 27, 2019 14:53:40 EDT","Dec 7, 2019 00:28:09 EST","Aug 24, 2016 12:00:00 EDT","N/A","Nov 23, 2009 12:00:00 EST"
"SPECTRUM","51192","SSL Certificate Cannot Be Trusted","General","Medium","EXAMPLE","TCP","281","","","SERVERHOSTEX012","N/A","Oct 27, 2019 14:53:40 EDT","Dec 7, 2019 00:28:09 EST","N/A","N/A","Dec 15, 2010 12:00:00 EST"
"SPECTRUM","57582","SSL Self-Signed Certificate","General","Medium","EXAMPLE","TCP","281","","","SERVERHOSTEX012","N/A","Oct 27, 2019 14:53:40 EDT","Dec 7, 2019 00:28:09 EST","N/A","N/A","Jan 17, 2012 12:00:00 EST"
"SPECTRUM","42873","SSL Medium Strength Cipher Suites Supported (SWEET32)","General","Medium","EXAMPLE","TCP","281","","","SERVERHOSTEX012","N/A","Oct 27, 2019 14:53:40 EDT","Dec 7, 2019 00:28:09 EST","Aug 24, 2016 12:00:00 EDT","N/A","Nov 23, 2009 12:00:00 EST"
"SPECTRUM","51192","SSL Certificate Cannot Be Trusted","General","Medium","EXAMPLE","TCP","281","","","SERVERHOSTEX012","N/A","Oct 27, 2019 14:53:40 EDT","Dec 7, 2019 00:28:09 EST","N/A","N/A","Dec 15, 2010 12:00:00 EST"
"SPECTRUM","57582","SSL Self-Signed Certificate","General","Medium","EXAMPLE","TCP","281","","","SERVERHOSTEX012","N/A","Oct 27, 2019 14:53:40 EDT","Dec 7, 2019 00:28:09 EST","N/A","N/A","Jan 17, 2012 12:00:00 EST"
"SPECTRUM","42873","SSL Medium Strength Cipher Suites Supported (SWEET32)","General","Medium","EXAMPLE","TCP","281","","","SERVERHOSTEX012","N/A","Oct 26, 2019 07:29:01 EDT","Dec 7, 2019 00:28:09 EST","Aug 24, 2016 12:00:00 EDT","N/A","Nov 23, 2009 12:00:00 EST"
"SPECTRUM","51192","SSL Certificate Cannot Be Trusted","General","Medium","EXAMPLE","TCP","281","","","SERVERHOSTEX012","N/A","Oct 26, 2019 07:29:01 EDT","Dec 7, 2019 00:28:09 EST","N/A","N/A","Dec 15, 2010 12:00:00 EST"
"SPECTRUM","57582","SSL Self-Signed Certificate","General","Medium","EXAMPLE","TCP","281","","","SERVERHOSTEX012","N/A","Oct 26, 2019 07:29:01 EDT","Dec 7, 2019 00:28:09 EST","N/A","N/A","Jan 17, 2012 12:00:00 EST"
"SPECTRUM","42873","SSL Medium Strength Cipher Suites Supported (SWEET32)","General","Medium","EXAMPLE","TCP","281","","","SERVERHOSTEX012","N/A","Dec 7, 2019 00:28:09 EST","Dec 7, 2019 00:28:09 EST","Aug 24, 2016 12:00:00 EDT","N/A","Nov 23, 2009 12:00:00 EST"
"SPECTRUM","51192","SSL Certificate Cannot Be Trusted","General","Medium","EXAMPLE","TCP","281","","","SERVERHOSTEX012","N/A","Dec 7, 2019 00:28:09 EST","Dec 7, 2019 00:28:09 EST","N/A","N/A","Dec 15, 2010 12:00:00 EST"
"SPECTRUM","57582","SSL Self-Signed Certificate","General","Medium","EXAMPLE","TCP","281","","","SERVERHOSTEX012","N/A","Dec 7, 2019 00:28:09 EST","Dec 7, 2019 00:28:09 EST","N/A","N/A","Jan 17, 2012 12:00:00 EST"
"SPECTRUM","42873","SSL Medium Strength Cipher Suites Supported (SWEET32)","General","Medium","EXAMPLE","TCP","281","","","SERVERHOSTEX012","N/A","Nov 15, 2019 17:29:54 EST","Dec 7, 2019 00:28:09 EST","Aug 24, 2016 12:00:00 EDT","N/A","Nov 23, 2009 12:00:00 EST"
"SPECTRUM","51192","SSL Certificate Cannot Be Trusted","General","Medium","EXAMPLE","TCP","281","","","SERVERHOSTEX012","N/A","Nov 15, 2019 17:29:54 EST","Dec 7, 2019 00:28:09 EST","N/A","N/A","Dec 15, 2010 12:00:00 EST"
"SPECTRUM","57582","SSL Self-Signed Certificate","General","Medium","EXAMPLE","TCP","281","","","SERVERHOSTEX012","N/A","Nov 15, 2019 17:29:54 EST","Dec 7, 2019 00:28:09 EST","N/A","N/A","Jan 17, 2012 12:00:00 EST"
"SPECTRUM","42873","SSL Medium Strength Cipher Suites Supported (SWEET32)","General","Medium","EXAMPLE","TCP","281","","","SERVERHOSTEX012","N/A","Nov 15, 2019 17:29:54 EST","Dec 7, 2019 00:28:09 EST","Aug 24, 2016 12:00:00 EDT","N/A","Nov 23, 2009 12:00:00 EST"
"SPECTRUM","51192","SSL Certificate Cannot Be Trusted","General","Medium","EXAMPLE","TCP","281","","","SERVERHOSTEX012","N/A","Nov 15, 2019 17:29:54 EST","Dec 7, 2019 00:28:09 EST","N/A","N/A","Dec 15, 2010 12:00:00 EST"
"SPECTRUM","57582","SSL Self-Signed Certificate","General","Medium","EXAMPLE","TCP","281","","","SERVERHOSTEX012","N/A","Nov 15, 2019 17:29:54 EST","Dec 7, 2019 00:28:09 EST","N/A","N/A","Jan 17, 2012 12:00:00 EST"
"SPECTRUM","127910","Microsoft Defender Elevation of Privilege Vulnerability (CVE-2019-1161)","Windows","Medium","EXAMPLE","TCP","0","","","SERVERHOSTEX012","N/A","Dec 7, 2019 00:28:09 EST","Dec 7, 2019 00:28:09 EST","Aug 13, 2019 12:00:00 EDT","Aug 13, 2019 12:00:00 EDT","Aug 16, 2019 12:00:00 EDT"
"SPECTRUM","130011","Oracle Java SE 1.7.0_241 / 1.8.0_231 / 1.11.0_5 / 1.13.0_1 Multiple Vulnerabilities (Oct 2019 CPU) (Windows)","Windows","High","EXAMPLE","TCP","445","","","SERVERHOSTEX012","N/A","Dec 7, 2019 00:28:09 EST","Dec 7, 2019 00:28:09 EST","Oct 15, 2019 12:00:00 EDT","Oct 15, 2019 12:00:00 EDT","Oct 17, 2019 12:00:00 EDT"
"SPECTRUM","42873","SSL Medium Strength Cipher Suites Supported (SWEET32)","General","Medium","EXAMPLE","TCP","281","","","SERVERHOSTEX012","N/A","Nov 15, 2019 17:29:54 EST","Dec 7, 2019 00:28:09 EST","Aug 24, 2016 12:00:00 EDT","N/A","Nov 23, 2009 12:00:00 EST"
"SPECTRUM","51192","SSL Certificate Cannot Be Trusted","General","Medium","EXAMPLE","TCP","281","","","SERVERHOSTEX012","N/A","Nov 15, 2019 17:29:54 EST","Dec 7, 2019 00:28:09 EST","N/A","N/A","Dec 15, 2010 12:00:00 EST"
"SPECTRUM","57582","SSL Self-Signed Certificate","General","Medium","EXAMPLE","TCP","281","","","SERVERHOSTEX012","N/A","Nov 15, 2019 17:29:54 EST","Dec 7, 2019 00:28:09 EST","N/A","N/A","Jan 17, 2012 12:00:00 EST"
"SPECTRUM","42873","SSL Medium Strength Cipher Suites Supported (SWEET32)","General","Medium","EXAMPLE","TCP","281","","","SERVERHOSTEX012","N/A","Dec 7, 2019 00:28:09 EST","Dec 7, 2019 00:28:09 EST","Aug 24, 2016 12:00:00 EDT","N/A","Nov 23, 2009 12:00:00 EST"
"SPECTRUM","51192","SSL Certificate Cannot Be Trusted","General","Medium","EXAMPLE","TCP","281","","","SERVERHOSTEX012","N/A","Dec 7, 2019 00:28:09 EST","Dec 7, 2019 00:28:09 EST","N/A","N/A","Dec 15, 2010 12:00:00 EST"
"SPECTRUM","57582","SSL Self-Signed Certificate","General","Medium","EXAMPLE","TCP","281","","","SERVERHOSTEX012","N/A","Dec 7, 2019 00:28:09 EST","Dec 7, 2019 00:28:09 EST","N/A","N/A","Jan 17, 2012 12:00:00 EST"
"SPECTRUM","42873","SSL Medium Strength Cipher Suites Supported (SWEET32)","General","Medium","EXAMPLE","TCP","281","","","SERVERHOSTEX012","N/A","Nov 15, 2019 17:29:54 EST","Dec 7, 2019 00:28:09 EST","Aug 24, 2016 12:00:00 EDT","N/A","Nov 23, 2009 12:00:00 EST"
"SPECTRUM","51192","SSL Certificate Cannot Be Trusted","General","Medium","EXAMPLE","TCP","281","","","SERVERHOSTEX012","N/A","Nov 15, 2019 17:29:54 EST","Dec 7, 2019 00:28:09 EST","N/A","N/A","Dec 15, 2010 12:00:00 EST"
"SQL","57582","SSL Self-Signed Certificate","General","Medium","EXAMPLE","TCP","281","","","SERVERHOSTEX013","N/A","Nov 15, 2019 17:29:54 EST","Dec 7, 2019 00:28:09 EST","N/A","N/A","Jan 17, 2012 12:00:00 EST"
"SQL","42873","SSL Medium Strength Cipher Suites Supported (SWEET32)","General","Medium","EXAMPLE","TCP","281","","","SERVERHOSTEX013","N/A","Nov 15, 2019 17:29:54 EST","Dec 7, 2019 00:28:09 EST","Aug 24, 2016 12:00:00 EDT","N/A","Nov 23, 2009 12:00:00 EST"
"SQL","51192","SSL Certificate Cannot Be Trusted","General","Medium","EXAMPLE","TCP","281","","","SERVERHOSTEX013","N/A","Nov 15, 2019 17:29:54 EST","Dec 7, 2019 00:28:09 EST","N/A","N/A","Dec 15, 2010 12:00:00 EST"
"SQL","57582","SSL Self-Signed Certificate","General","Medium","EXAMPLE","TCP","281","","","SERVERHOSTEX013","N/A","Nov 15, 2019 17:29:54 EST","Dec 7, 2019 00:28:09 EST","N/A","N/A","Jan 17, 2012 12:00:00 EST"
"SQL","42873","SSL Medium Strength Cipher Suites Supported (SWEET32)","General","Medium","EXAMPLE","TCP","281","","","SERVERHOSTEX013","N/A","Nov 15, 2019 17:29:54 EST","Dec 7, 2019 00:28:09 EST","Aug 24, 2016 12:00:00 EDT","N/A","Nov 23, 2009 12:00:00 EST"
"SQL","51192","SSL Certificate Cannot Be Trusted","General","Medium","EXAMPLE","TCP","281","","","SERVERHOSTEX013","N/A","Nov 15, 2019 17:29:54 EST","Dec 7, 2019 00:28:09 EST","N/A","N/A","Dec 15, 2010 12:00:00 EST"
"SQL","57582","SSL Self-Signed Certificate","General","Medium","EXAMPLE","TCP","281","","","SERVERHOSTEX013","N/A","Nov 15, 2019 17:29:54 EST","Dec 7, 2019 00:28:09 EST","N/A","N/A","Jan 17, 2012 12:00:00 EST"
"SQL","42873","SSL Medium Strength Cipher Suites Supported (SWEET32)","General","Medium","EXAMPLE","TCP","281","","","SERVERHOSTEX013","N/A","Nov 14, 2019 17:45:04 EST","Dec 7, 2019 00:28:09 EST","Aug 24, 2016 12:00:00 EDT","N/A","Nov 23, 2009 12:00:00 EST"
"SQL","51192","SSL Certificate Cannot Be Trusted","General","Medium","EXAMPLE","TCP","281","","","SERVERHOSTEX013","N/A","Nov 14, 2019 17:45:04 EST","Dec 7, 2019 00:28:09 EST","N/A","N/A","Dec 15, 2010 12:00:00 EST"
"SQL","57582","SSL Self-Signed Certificate","General","Medium","EXAMPLE","TCP","281","","","SERVERHOSTEX013","N/A","Nov 14, 2019 17:45:04 EST","Dec 7, 2019 00:28:09 EST","N/A","N/A","Jan 17, 2012 12:00:00 EST"
"SQL","42873","SSL Medium Strength Cipher Suites Supported (SWEET32)","General","Medium","EXAMPLE","TCP","281","","","SERVERHOSTEX013","N/A","Oct 24, 2019 14:18:48 EDT","Dec 7, 2019 00:28:09 EST","Aug 24, 2016 12:00:00 EDT","N/A","Nov 23, 2009 12:00:00 EST"
"SQL","51192","SSL Certificate Cannot Be Trusted","General","Medium","EXAMPLE","TCP","281","","","SERVERHOSTEX013","N/A","Oct 24, 2019 14:18:48 EDT","Dec 7, 2019 00:28:09 EST","N/A","N/A","Dec 15, 2010 12:00:00 EST"
"SQL","57582","SSL Self-Signed Certificate","General","Medium","EXAMPLE","TCP","281","","","SERVERHOSTEX013","N/A","Oct 24, 2019 14:18:48 EDT","Dec 7, 2019 00:28:09 EST","N/A","N/A","Jan 17, 2012 12:00:00 EST"
"SQL","42873","SSL Medium Strength Cipher Suites Supported (SWEET32)","General","Medium","EXAMPLE","TCP","281","","","SERVERHOSTEX013","N/A","Nov 14, 2019 17:45:04 EST","Dec 7, 2019 00:28:09 EST","Aug 24, 2016 12:00:00 EDT","N/A","Nov 23, 2009 12:00:00 EST"
"SQL","51192","SSL Certificate Cannot Be Trusted","General","Medium","EXAMPLE","TCP","281","","","SERVERHOSTEX013","N/A","Nov 14, 2019 17:45:04 EST","Dec 7, 2019 00:28:09 EST","N/A","N/A","Dec 15, 2010 12:00:00 EST"
"SQL","57582","SSL Self-Signed Certificate","General","Medium","EXAMPLE","TCP","281","","","SERVERHOSTEX013","N/A","Nov 14, 2019 17:45:04 EST","Dec 7, 2019 00:28:09 EST","N/A","N/A","Jan 17, 2012 12:00:00 EST"
"SQL","42873","SSL Medium Strength Cipher Suites Supported (SWEET32)","General","Medium","EXAMPLE","TCP","281","","","SERVERHOSTEX013","N/A","Oct 22, 2019 12:32:39 EDT","Dec 7, 2019 00:28:09 EST","Aug 24, 2016 12:00:00 EDT","N/A","Nov 23, 2009 12:00:00 EST"
"SQL","51192","SSL Certificate Cannot Be Trusted","General","Medium","EXAMPLE","TCP","281","","","SERVERHOSTEX013","N/A","Oct 22, 2019 12:32:39 EDT","Dec 7, 2019 00:28:09 EST","N/A","N/A","Dec 15, 2010 12:00:00 EST"
"SQL","57582","SSL Self-Signed Certificate","General","Medium","EXAMPLE","TCP","281","","","SERVERHOSTEX013","N/A","Oct 22, 2019 12:32:39 EDT","Dec 7, 2019 00:28:09 EST","N/A","N/A","Jan 17, 2012 12:00:00 EST"
"SQL","42873","SSL Medium Strength Cipher Suites Supported (SWEET32)","General","Medium","EXAMPLE","TCP","281","","","SERVERHOSTEX013","N/A","Dec 7, 2019 00:28:09 EST","Dec 7, 2019 00:28:09 EST","Aug 24, 2016 12:00:00 EDT","N/A","Nov 23, 2009 12:00:00 EST"
"SQL","51192","SSL Certificate Cannot Be Trusted","General","Medium","EXAMPLE","TCP","281","","","SERVERHOSTEX013","N/A","Dec 7, 2019 00:28:09 EST","Dec 7, 2019 00:28:09 EST","N/A","N/A","Dec 15, 2010 12:00:00 EST"
"SQL","57582","SSL Self-Signed Certificate","General","Medium","EXAMPLE","TCP","281","","","SERVERHOSTEX013","N/A","Dec 7, 2019 00:28:09 EST","Dec 7, 2019 00:28:09 EST","N/A","N/A","Jan 17, 2012 12:00:00 EST"
"SQL","42873","SSL Medium Strength Cipher Suites Supported (SWEET32)","General","Medium","EXAMPLE","TCP","281","","","SERVERHOSTEX014","N/A","Oct 25, 2019 19:48:33 EDT","Dec 7, 2019 00:28:09 EST","Aug 24, 2016 12:00:00 EDT","N/A","Nov 23, 2009 12:00:00 EST"
"SQL","51192","SSL Certificate Cannot Be Trusted","General","Medium","EXAMPLE","TCP","281","","","SERVERHOSTEX014","N/A","Oct 25, 2019 19:48:33 EDT","Dec 7, 2019 00:28:09 EST","N/A","N/A","Dec 15, 2010 12:00:00 EST"
"SQL","57582","SSL Self-Signed Certificate","General","Medium","EXAMPLE","TCP","281","","","SERVERHOSTEX014","N/A","Oct 25, 2019 19:48:33 EDT","Dec 7, 2019 00:28:09 EST","N/A","N/A","Jan 17, 2012 12:00:00 EST"
"SQL","42873","SSL Medium Strength Cipher Suites Supported (SWEET32)","General","Medium","EXAMPLE","TCP","281","","","SERVERHOSTEX014","N/A","Nov 14, 2019 17:45:04 EST","Dec 7, 2019 00:28:09 EST","Aug 24, 2016 12:00:00 EDT","N/A","Nov 23, 2009 12:00:00 EST"
"SQL","51192","SSL Certificate Cannot Be Trusted","General","Medium","EXAMPLE","TCP","281","","","SERVERHOSTEX014","N/A","Nov 14, 2019 17:45:04 EST","Dec 7, 2019 00:28:09 EST","N/A","N/A","Dec 15, 2010 12:00:00 EST"
"SQL","57582","SSL Self-Signed Certificate","General","Medium","EXAMPLE","TCP","281","","","SERVERHOSTEX014","N/A","Nov 14, 2019 17:45:04 EST","Dec 7, 2019 00:28:09 EST","N/A","N/A","Jan 17, 2012 12:00:00 EST"
"SQL","42873","SSL Medium Strength Cipher Suites Supported (SWEET32)","General","Medium","EXAMPLE","TCP","281","","","SERVERHOSTEX014","N/A","Oct 22, 2019 12:32:39 EDT","Dec 7, 2019 00:28:09 EST","Aug 24, 2016 12:00:00 EDT","N/A","Nov 23, 2009 12:00:00 EST"
"SQL","51192","SSL Certificate Cannot Be Trusted","General","Medium","EXAMPLE","TCP","281","","","SERVERHOSTEX014","N/A","Oct 22, 2019 12:32:39 EDT","Dec 7, 2019 00:28:09 EST","N/A","N/A","Dec 15, 2010 12:00:00 EST"
"SQL","57582","SSL Self-Signed Certificate","General","Medium","EXAMPLE","TCP","281","","","SERVERHOSTEX014","N/A","Oct 22, 2019 12:32:39 EDT","Dec 7, 2019 00:28:09 EST","N/A","N/A","Jan 17, 2012 12:00:00 EST"
"SQL","42873","SSL Medium Strength Cipher Suites Supported (SWEET32)","General","Medium","EXAMPLE","TCP","281","","","SERVERHOSTEX014","N/A","Oct 24, 2019 14:18:48 EDT","Dec 7, 2019 00:28:09 EST","Aug 24, 2016 12:00:00 EDT","N/A","Nov 23, 2009 12:00:00 EST"
"SQL","51192","SSL Certificate Cannot Be Trusted","General","Medium","EXAMPLE","TCP","281","","","SERVERHOSTEX014","N/A","Oct 24, 2019 14:18:48 EDT","Dec 7, 2019 00:28:09 EST","N/A","N/A","Dec 15, 2010 12:00:00 EST"
"SQL","57582","SSL Self-Signed Certificate","General","Medium","EXAMPLE","TCP","281","","","SERVERHOSTEX014","N/A","Oct 24, 2019 14:18:48 EDT","Dec 7, 2019 00:28:09 EST","N/A","N/A","Jan 17, 2012 12:00:00 EST"
"SQL","42873","SSL Medium Strength Cipher Suites Supported (SWEET32)","General","Medium","EXAMPLE","TCP","281","","","SERVERHOSTEX014","N/A","Oct 24, 2019 14:18:48 EDT","Dec 7, 2019 00:28:09 EST","Aug 24, 2016 12:00:00 EDT","N/A","Nov 23, 2009 12:00:00 EST"
"SQL","51192","SSL Certificate Cannot Be Trusted","General","Medium","EXAMPLE","TCP","281","","","SERVERHOSTEX014","N/A","Oct 24, 2019 14:18:48 EDT","Dec 7, 2019 00:28:09 EST","N/A","N/A","Dec 15, 2010 12:00:00 EST"
"SQL","57582","SSL Self-Signed Certificate","General","Medium","EXAMPLE","TCP","281","","","SERVERHOSTEX014","N/A","Oct 24, 2019 14:18:48 EDT","Dec 7, 2019 00:28:09 EST","N/A","N/A","Jan 17, 2012 12:00:00 EST"
"SQL","42873","SSL Medium Strength Cipher Suites Supported (SWEET32)","General","Medium","EXAMPLE","TCP","281","","","SERVERHOSTEX014","N/A","Oct 22, 2019 12:32:39 EDT","Dec 7, 2019 00:28:09 EST","Aug 24, 2016 12:00:00 EDT","N/A","Nov 23, 2009 12:00:00 EST"
"SQL","51192","SSL Certificate Cannot Be Trusted","General","Medium","EXAMPLE","TCP","281","","","SERVERHOSTEX014","N/A","Oct 22, 2019 12:32:39 EDT","Dec 7, 2019 00:28:09 EST","N/A","N/A","Dec 15, 2010 12:00:00 EST"
"SQL","57582","SSL Self-Signed Certificate","General","Medium","EXAMPLE","TCP","281","","","SERVERHOSTEX014","N/A","Oct 22, 2019 12:32:39 EDT","Dec 7, 2019 00:28:09 EST","N/A","N/A","Jan 17, 2012 12:00:00 EST"
"SQL","42873","SSL Medium Strength Cipher Suites Supported (SWEET32)","General","Medium","EXAMPLE","TCP","281","","","SERVERHOSTEX014","N/A","Nov 15, 2019 17:29:54 EST","Dec 7, 2019 00:28:09 EST","Aug 24, 2016 12:00:00 EDT","N/A","Nov 23, 2009 12:00:00 EST"
"SQL","51192","SSL Certificate Cannot Be Trusted","General","Medium","EXAMPLE","TCP","281","","","SERVERHOSTEX014","N/A","Nov 15, 2019 17:29:54 EST","Dec 7, 2019 00:28:09 EST","N/A","N/A","Dec 15, 2010 12:00:00 EST"
"SQL","57582","SSL Self-Signed Certificate","General","Medium","EXAMPLE","TCP","281","","","SERVERHOSTEX014","N/A","Nov 15, 2019 17:29:54 EST","Dec 7, 2019 00:28:09 EST","N/A","N/A","Jan 17, 2012 12:00:00 EST"
"SQL","42873","SSL Medium Strength Cipher Suites Supported (SWEET32)","General","Medium","EXAMPLE","TCP","281","","","SERVERHOSTEX014","N/A","Nov 15, 2019 17:29:54 EST","Dec 7, 2019 00:28:09 EST","Aug 24, 2016 12:00:00 EDT","N/A","Nov 23, 2009 12:00:00 EST"
"SQL","51192","SSL Certificate Cannot Be Trusted","General","Medium","EXAMPLE","TCP","281","","","SERVERHOSTEX014","N/A","Nov 15, 2019 17:29:54 EST","Dec 7, 2019 00:28:09 EST","N/A","N/A","Dec 15, 2010 12:00:00 EST"
"SQL","57582","SSL Self-Signed Certificate","General","Medium","EXAMPLE","TCP","281","","","SERVERHOSTEX014","N/A","Nov 15, 2019 17:29:54 EST","Dec 7, 2019 00:28:09 EST","N/A","N/A","Jan 17, 2012 12:00:00 EST"
"SQL","42873","SSL Medium Strength Cipher Suites Supported (SWEET32)","General","Medium","EXAMPLE","TCP","281","","","SERVERHOSTEX014","N/A","Dec 7, 2019 00:28:09 EST","Dec 7, 2019 00:28:09 EST","Aug 24, 2016 12:00:00 EDT","N/A","Nov 23, 2009 12:00:00 EST"
"SQL","51192","SSL Certificate Cannot Be Trusted","General","Medium","EXAMPLE","TCP","281","","","SERVERHOSTEX015","N/A","Dec 7, 2019 00:28:09 EST","Dec 7, 2019 00:28:09 EST","N/A","N/A","Dec 15, 2010 12:00:00 EST"
"SQL","57582","SSL Self-Signed Certificate","General","Medium","EXAMPLE","TCP","281","","","SERVERHOSTEX015","N/A","Dec 7, 2019 00:28:09 EST","Dec 7, 2019 00:28:09 EST","N/A","N/A","Jan 17, 2012 12:00:00 EST"
"SQL","42873","SSL Medium Strength Cipher Suites Supported (SWEET32)","General","Medium","EXAMPLE","TCP","281","","","SERVERHOSTEX015","N/A","Oct 24, 2019 14:18:48 EDT","Dec 7, 2019 00:28:09 EST","Aug 24, 2016 12:00:00 EDT","N/A","Nov 23, 2009 12:00:00 EST"
"SQL","51192","SSL Certificate Cannot Be Trusted","General","Medium","EXAMPLE","TCP","281","","","SERVERHOSTEX015","N/A","Oct 24, 2019 14:18:48 EDT","Dec 7, 2019 00:28:09 EST","N/A","N/A","Dec 15, 2010 12:00:00 EST"
"SQL","57582","SSL Self-Signed Certificate","General","Medium","EXAMPLE","TCP","281","","","SERVERHOSTEX015","N/A","Oct 24, 2019 14:18:48 EDT","Dec 7, 2019 00:28:09 EST","N/A","N/A","Jan 17, 2012 12:00:00 EST"
"SQL","42873","SSL Medium Strength Cipher Suites Supported (SWEET32)","General","Medium","EXAMPLE","TCP","281","","","SERVERHOSTEX015","N/A","Nov 14, 2019 17:45:04 EST","Dec 7, 2019 00:28:09 EST","Aug 24, 2016 12:00:00 EDT","N/A","Nov 23, 2009 12:00:00 EST"
"SQL","51192","SSL Certificate Cannot Be Trusted","General","Medium","EXAMPLE","TCP","281","","","SERVERHOSTEX015","N/A","Nov 14, 2019 17:45:04 EST","Dec 7, 2019 00:28:09 EST","N/A","N/A","Dec 15, 2010 12:00:00 EST"
"SQL","57582","SSL Self-Signed Certificate","General","Medium","EXAMPLE","TCP","281","","","SERVERHOSTEX015","N/A","Nov 14, 2019 17:45:04 EST","Dec 7, 2019 00:28:09 EST","N/A","N/A","Jan 17, 2012 12:00:00 EST"
"SQL","42873","SSL Medium Strength Cipher Suites Supported (SWEET32)","General","Medium","EXAMPLE","TCP","281","","","SERVERHOSTEX015","N/A","Oct 24, 2019 14:18:48 EDT","Dec 7, 2019 00:28:09 EST","Aug 24, 2016 12:00:00 EDT","N/A","Nov 23, 2009 12:00:00 EST"
"SQL","51192","SSL Certificate Cannot Be Trusted","General","Medium","EXAMPLE","TCP","281","","","SERVERHOSTEX015","N/A","Oct 24, 2019 14:18:48 EDT","Dec 7, 2019 00:28:09 EST","N/A","N/A","Dec 15, 2010 12:00:00 EST"
"SQL","57582","SSL Self-Signed Certificate","General","Medium","EXAMPLE","TCP","281","","","SERVERHOSTEX015","N/A","Oct 24, 2019 14:18:48 EDT","Dec 7, 2019 00:28:09 EST","N/A","N/A","Jan 17, 2012 12:00:00 EST"
"SQL","42873","SSL Medium Strength Cipher Suites Supported (SWEET32)","General","Medium","EXAMPLE","TCP","281","","","SERVERHOSTEX015","N/A","Nov 14, 2019 17:45:04 EST","Dec 7, 2019 00:28:09 EST","Aug 24, 2016 12:00:00 EDT","N/A","Nov 23, 2009 12:00:00 EST"
"SQL","51192","SSL Certificate Cannot Be Trusted","General","Medium","EXAMPLE","TCP","281","","","SERVERHOSTEX015","N/A","Nov 14, 2019 17:45:04 EST","Dec 7, 2019 00:28:09 EST","N/A","N/A","Dec 15, 2010 12:00:00 EST"
"SQL","57582","SSL Self-Signed Certificate","General","Medium","EXAMPLE","TCP","281","","","SERVERHOSTEX015","N/A","Nov 14, 2019 17:45:04 EST","Dec 7, 2019 00:28:09 EST","N/A","N/A","Jan 17, 2012 12:00:00 EST"
"SQL","42873","SSL Medium Strength Cipher Suites Supported (SWEET32)","General","Medium","EXAMPLE","TCP","281","","","SERVERHOSTEX015","N/A","Oct 22, 2019 12:32:39 EDT","Dec 7, 2019 00:28:09 EST","Aug 24, 2016 12:00:00 EDT","N/A","Nov 23, 2009 12:00:00 EST"
"SQL","51192","SSL Certificate Cannot Be Trusted","General","Medium","EXAMPLE","TCP","281","","","SERVERHOSTEX015","N/A","Oct 22, 2019 12:32:39 EDT","Dec 7, 2019 00:28:09 EST","N/A","N/A","Dec 15, 2010 12:00:00 EST"
"SQL","57582","SSL Self-Signed Certificate","General","Medium","EXAMPLE","TCP","281","","","SERVERHOSTEX015","N/A","Oct 22, 2019 12:32:39 EDT","Dec 7, 2019 00:28:09 EST","N/A","N/A","Jan 17, 2012 12:00:00 EST"
"SQL","126263","SolarWinds Dameware Mini Remote Control Client Public Key Buffer Over-read","Windows","Medium","EXAMPLE","TCP","6129","","","SERVERHOSTEX015","N/A","Dec 7, 2019 00:28:09 EST","Dec 7, 2019 00:28:09 EST","Jun 6, 2019 12:00:00 EDT","Jun 6, 2019 12:00:00 EDT","Jun 27, 2019 12:00:00 EDT"
"SQL","70658","SSH Server CBC Mode Ciphers Enabled","Misc.","Low","EXAMPLE","TCP","22","","","SERVERHOSTEX015","N/A","Dec 9, 2019 17:13:04 EST","Dec 9, 2019 17:13:04 EST","Nov 24, 2008 12:00:00 EST","N/A","Oct 28, 2013 12:00:00 EDT"
"SQL","71049","SSH Weak MAC Algorithms Enabled","Misc.","Low","EXAMPLE","TCP","22","","","SERVERHOSTEX015","N/A","Dec 2, 2019 19:10:23 EST","Dec 9, 2019 17:13:04 EST","N/A","N/A","Nov 22, 2013 12:00:00 EST"
"SQL","70658","SSH Server CBC Mode Ciphers Enabled","Misc.","Low","EXAMPLE","TCP","22","","","SERVERHOSTEX015","N/A","Aug 21, 2019 02:55:39 EDT","Dec 9, 2019 17:13:04 EST","Nov 24, 2008 12:00:00 EST","N/A","Oct 28, 2013 12:00:00 EDT"
"SQL","71049","SSH Weak MAC Algorithms Enabled","Misc.","Low","EXAMPLE","TCP","22","","","SERVERHOSTEX015","N/A","Aug 21, 2019 02:55:39 EDT","Dec 9, 2019 17:13:04 EST","N/A","N/A","Nov 22, 2013 12:00:00 EST"
"SQL","97861","Network Time Protocol (NTP) Mode 6 Scanner","Misc.","Medium","EXAMPLE","UDP","123","","","SERVERHOSTEX015","N/A","Dec 9, 2019 17:13:04 EST","Dec 9, 2019 17:13:04 EST","N/A","N/A","Mar 21, 2017 12:00:00 EDT"
"SQL","70658","SSH Server CBC Mode Ciphers Enabled","Misc.","Low","EXAMPLE","TCP","22","","","SERVERHOSTEX015","N/A","Aug 21, 2019 02:55:39 EDT","Dec 9, 2019 17:13:04 EST","Nov 24, 2008 12:00:00 EST","N/A","Oct 28, 2013 12:00:00 EDT"
"SQL","71049","SSH Weak MAC Algorithms Enabled","Misc.","Low","EXAMPLE","TCP","22","","","SERVERHOSTEX015","N/A","Aug 21, 2019 02:55:39 EDT","Dec 9, 2019 17:13:04 EST","N/A","N/A","Nov 22, 2013 12:00:00 EST"
"SHAREPOINT","97861","Network Time Protocol (NTP) Mode 6 Scanner","Misc.","Medium","EXAMPLE","UDP","123","","","SERVERHOSTEX016","N/A","Dec 9, 2019 17:13:04 EST","Dec 9, 2019 17:13:04 EST","N/A","N/A","Mar 21, 2017 12:00:00 EDT"
"SHAREPOINT","70658","SSH Server CBC Mode Ciphers Enabled","Misc.","Low","EXAMPLE","TCP","22","","","SERVERHOSTEX016","N/A","Aug 21, 2019 02:55:39 EDT","Dec 9, 2019 17:13:04 EST","Nov 24, 2008 12:00:00 EST","N/A","Oct 28, 2013 12:00:00 EDT"
"SHAREPOINT","71049","SSH Weak MAC Algorithms Enabled","Misc.","Low","EXAMPLE","TCP","22","","","SERVERHOSTEX016","N/A","Aug 21, 2019 02:55:39 EDT","Dec 9, 2019 17:13:04 EST","N/A","N/A","Nov 22, 2013 12:00:00 EST"
"SHAREPOINT","97861","Network Time Protocol (NTP) Mode 6 Scanner","Misc.","Medium","EXAMPLE","UDP","123","","","SERVERHOSTEX016","N/A","Sep 10, 2019 23:19:11 EDT","Dec 9, 2019 17:13:04 EST","N/A","N/A","Mar 21, 2017 12:00:00 EDT"
"SHAREPOINT","42873","SSL Medium Strength Cipher Suites Supported (SWEET32)","General","Medium","EXAMPLE","TCP","281","","","SERVERHOSTEX016","N/A","Dec 7, 2019 00:28:09 EST","Dec 7, 2019 00:28:09 EST","Aug 24, 2016 12:00:00 EDT","N/A","Nov 23, 2009 12:00:00 EST"
"SHAREPOINT","51192","SSL Certificate Cannot Be Trusted","General","Medium","EXAMPLE","TCP","281","","","SERVERHOSTEX016","N/A","Dec 7, 2019 00:28:09 EST","Dec 7, 2019 00:28:09 EST","N/A","N/A","Dec 15, 2010 12:00:00 EST"
"SHAREPOINT","57582","SSL Self-Signed Certificate","General","Medium","EXAMPLE","TCP","281","","","SERVERHOSTEX016","N/A","Dec 7, 2019 00:28:09 EST","Dec 7, 2019 00:28:09 EST","N/A","N/A","Jan 17, 2012 12:00:00 EST"
"SHAREPOINT","127910","Microsoft Defender Elevation of Privilege Vulnerability (CVE-2019-1161)","Windows","Medium","EXAMPLE","TCP","0","","","SERVERHOSTEX016","N/A","Dec 7, 2019 00:28:09 EST","Dec 7, 2019 00:28:09 EST","Aug 13, 2019 12:00:00 EDT","Aug 13, 2019 12:00:00 EDT","Aug 16, 2019 12:00:00 EDT"
"SHAREPOINT","130011","Oracle Java SE 1.7.0_241 / 1.8.0_231 / 1.11.0_5 / 1.13.0_1 Multiple Vulnerabilities (Oct 2019 CPU) (Windows)","Windows","High","EXAMPLE","TCP","445","","","SERVERHOSTEX016","N/A","Dec 7, 2019 00:28:09 EST","Dec 7, 2019 00:28:09 EST","Oct 15, 2019 12:00:00 EDT","Oct 15, 2019 12:00:00 EDT","Oct 17, 2019 12:00:00 EDT"
"SHAREPOINT","42873","SSL Medium Strength Cipher Suites Supported (SWEET32)","General","Medium","EXAMPLE","TCP","281","","","SERVERHOSTEX016","N/A","Dec 7, 2019 00:28:09 EST","Dec 7, 2019 00:28:09 EST","Aug 24, 2016 12:00:00 EDT","N/A","Nov 23, 2009 12:00:00 EST"
"SHAREPOINT","51192","SSL Certificate Cannot Be Trusted","General","Medium","EXAMPLE","TCP","281","","","SERVERHOSTEX016","N/A","Dec 7, 2019 00:28:09 EST","Dec 7, 2019 00:28:09 EST","N/A","N/A","Dec 15, 2010 12:00:00 EST"
"SHAREPOINT","57582","SSL Self-Signed Certificate","General","Medium","EXAMPLE","TCP","281","","","SERVERHOSTEX016","N/A","Dec 7, 2019 00:28:09 EST","Dec 7, 2019 00:28:09 EST","N/A","N/A","Jan 17, 2012 12:00:00 EST"
"SHAREPOINT","42873","SSL Medium Strength Cipher Suites Supported (SWEET32)","General","Medium","EXAMPLE","TCP","281","","","SERVERHOSTEX016","N/A","Dec 7, 2019 00:28:09 EST","Dec 7, 2019 00:28:09 EST","Aug 24, 2016 12:00:00 EDT","N/A","Nov 23, 2009 12:00:00 EST"
"SHAREPOINT","51192","SSL Certificate Cannot Be Trusted","General","Medium","EXAMPLE","TCP","281","","","SERVERHOSTEX016","N/A","Dec 7, 2019 00:28:09 EST","Dec 7, 2019 00:28:09 EST","N/A","N/A","Dec 15, 2010 12:00:00 EST"
"SHAREPOINT","57582","SSL Self-Signed Certificate","General","Medium","EXAMPLE","TCP","281","","","SERVERHOSTEX016","N/A","Dec 7, 2019 00:28:09 EST","Dec 7, 2019 00:28:09 EST","N/A","N/A","Jan 17, 2012 12:00:00 EST"
"SHAREPOINT","12107","McAfee Antivirus Detection and Status","Windows","Critical","EXAMPLE","TCP","445","","","SERVERHOSTEX016","N/A","Dec 7, 2019 00:28:09 EST","Dec 7, 2019 00:28:09 EST","N/A","N/A","Mar 16, 2004 12:00:00 EST"
"SHAREPOINT","110272","McAfee VirusScan Enterprise < 8.8 Patch 11 Privilege Escalation Vulnerability (SB10237)","Windows","Low","EXAMPLE","TCP","445","","","SERVERHOSTEX016","N/A","Dec 7, 2019 00:28:09 EST","Dec 7, 2019 00:28:09 EST","May 9, 2018 12:00:00 EDT","May 9, 2018 12:00:00 EDT","Jun 1, 2018 12:00:00 EDT"
"SHAREPOINT","125780","McAfee Agent < 5.6.1 Information Disclosure Vulnerability (SB10271)","Misc.","Medium","EXAMPLE","TCP","445","","","SERVERHOSTEX016","N/A","Dec 7, 2019 00:28:09 EST","Dec 7, 2019 00:28:09 EST","Feb 26, 2019 12:00:00 EST","Feb 26, 2019 12:00:00 EST","Jun 7, 2019 12:00:00 EDT"
"SHAREPOINT","125781","McAfee Agent 5.0.x < 5.0.6 HF1267994 / 5.5.x < 5.5.1 HF1267991 / 5.6.x < 5.6.1 UDP DoS (SB10272)","Misc.","Medium","EXAMPLE","TCP","445","","","SERVERHOSTEX016","N/A","Dec 7, 2019 00:28:09 EST","Dec 7, 2019 00:28:09 EST","Feb 14, 2019 12:00:00 EST","Feb 14, 2019 12:00:00 EST","Jun 7, 2019 12:00:00 EDT"
"SHAREPOINT","126824","McAfee Agent 5.0.x < 5.0.6 HF1267994 / 5.5.x < 5.5.1 HF1267994 / 5.6.x < 5.6.0 Use-After-Free Vulnerability (SB10258)","Misc.","High","EXAMPLE","TCP","445","","","SERVERHOSTEX016","N/A","Dec 7, 2019 00:28:09 EST","Dec 7, 2019 00:28:09 EST","May 31, 2019 12:00:00 EDT","May 31, 2019 12:00:00 EDT","Jul 19, 2019 12:00:00 EDT"
"SHAREPOINT","127910","Microsoft Defender Elevation of Privilege Vulnerability (CVE-2019-1161)","Windows","Medium","EXAMPLE","TCP","0","","","SERVERHOSTEX016","N/A","Dec 7, 2019 00:28:09 EST","Dec 7, 2019 00:28:09 EST","Aug 13, 2019 12:00:00 EDT","Aug 13, 2019 12:00:00 EDT","Aug 16, 2019 12:00:00 EDT"
"SHAREPOINT","130011","Oracle Java SE 1.7.0_241 / 1.8.0_231 / 1.11.0_5 / 1.13.0_1 Multiple Vulnerabilities (Oct 2019 CPU) (Windows)","Windows","High","EXAMPLE","TCP","445","","","SERVERHOSTEX016","N/A","Dec 7, 2019 00:28:09 EST","Dec 7, 2019 00:28:09 EST","Oct 15, 2019 12:00:00 EDT","Oct 15, 2019 12:00:00 EDT","Oct 17, 2019 12:00:00 EDT"
"SHAREPOINT","131190","Google Chrome < 78.0.3904.108 Multiple Vulnerabilities","Windows","Medium","EXAMPLE","TCP","445","","","SERVERHOSTEX017","N/A","Dec 7, 2019 00:28:09 EST","Dec 7, 2019 00:28:09 EST","Nov 18, 2019 12:00:00 EST","Nov 18, 2019 12:00:00 EST","Nov 22, 2019 12:00:00 EST"
"SHAREPOINT","42873","SSL Medium Strength Cipher Suites Supported (SWEET32)","General","Medium","EXAMPLE","TCP","281","","","SERVERHOSTEX017","N/A","Oct 24, 2019 14:18:48 EDT","Dec 7, 2019 00:28:09 EST","Aug 24, 2016 12:00:00 EDT","N/A","Nov 23, 2009 12:00:00 EST"
"SHAREPOINT","51192","SSL Certificate Cannot Be Trusted","General","Medium","EXAMPLE","TCP","281","","","SERVERHOSTEX017","N/A","Oct 24, 2019 14:18:48 EDT","Dec 7, 2019 00:28:09 EST","N/A","N/A","Dec 15, 2010 12:00:00 EST"
"SHAREPOINT","57582","SSL Self-Signed Certificate","General","Medium","EXAMPLE","TCP","281","","","SERVERHOSTEX017","N/A","Oct 24, 2019 14:18:48 EDT","Dec 7, 2019 00:28:09 EST","N/A","N/A","Jan 17, 2012 12:00:00 EST"
"SHAREPOINT","42873","SSL Medium Strength Cipher Suites Supported (SWEET32)","General","Medium","EXAMPLE","TCP","281","","","SERVERHOSTEX017","N/A","Nov 14, 2019 17:45:04 EST","Dec 7, 2019 00:28:09 EST","Aug 24, 2016 12:00:00 EDT","N/A","Nov 23, 2009 12:00:00 EST"
"SHAREPOINT","51192","SSL Certificate Cannot Be Trusted","General","Medium","EXAMPLE","TCP","281","","","SERVERHOSTEX017","N/A","Nov 14, 2019 17:45:04 EST","Dec 7, 2019 00:28:09 EST","N/A","N/A","Dec 15, 2010 12:00:00 EST"
"SHAREPOINT","57582","SSL Self-Signed Certificate","General","Medium","EXAMPLE","TCP","281","","","SERVERHOSTEX017","N/A","Nov 14, 2019 17:45:04 EST","Dec 7, 2019 00:28:09 EST","N/A","N/A","Jan 17, 2012 12:00:00 EST"
"SHAREPOINT","70658","SSH Server CBC Mode Ciphers Enabled","Misc.","Low","EXAMPLE","TCP","22","","","SERVERHOSTEX017","N/A","Aug 21, 2019 02:55:39 EDT","Dec 9, 2019 17:13:04 EST","Nov 24, 2008 12:00:00 EST","N/A","Oct 28, 2013 12:00:00 EDT"
"SHAREPOINT","71049","SSH Weak MAC Algorithms Enabled","Misc.","Low","EXAMPLE","TCP","22","","","SERVERHOSTEX017","N/A","Aug 21, 2019 02:55:39 EDT","Dec 9, 2019 17:13:04 EST","N/A","N/A","Nov 22, 2013 12:00:00 EST"
"SHAREPOINT","97861","Network Time Protocol (NTP) Mode 6 Scanner","Misc.","Medium","EXAMPLE","UDP","123","","","SERVERHOSTEX017","N/A","Dec 9, 2019 17:13:04 EST","Dec 9, 2019 17:13:04 EST","N/A","N/A","Mar 21, 2017 12:00:00 EDT"
"SHAREPOINT","42873","SSL Medium Strength Cipher Suites Supported (SWEET32)","General","Medium","EXAMPLE","TCP","281","","","SERVERHOSTEX017","N/A","Dec 7, 2019 00:28:09 EST","Dec 7, 2019 00:28:09 EST","Aug 24, 2016 12:00:00 EDT","N/A","Nov 23, 2009 12:00:00 EST"
"SHAREPOINT","51192","SSL Certificate Cannot Be Trusted","General","Medium","EXAMPLE","TCP","281","","","SERVERHOSTEX017","N/A","Dec 7, 2019 00:28:09 EST","Dec 7, 2019 00:28:09 EST","N/A","N/A","Dec 15, 2010 12:00:00 EST"
"SHAREPOINT","57582","SSL Self-Signed Certificate","General","Medium","EXAMPLE","TCP","281","","","SERVERHOSTEX017","N/A","Dec 7, 2019 00:28:09 EST","Dec 7, 2019 00:28:09 EST","N/A","N/A","Jan 17, 2012 12:00:00 EST"
"SHAREPOINT","127116","McAfee DLPe Agent < 10.0.500 / 11.x < 11.0.400 Master Bypass Vulnerability (SB10233)","Windows","Medium","EXAMPLE","TCP","445","","","SERVERHOSTEX017","N/A","Dec 7, 2019 00:28:09 EST","Dec 7, 2019 00:28:09 EST","May 8, 2018 12:00:00 EDT","May 8, 2018 12:00:00 EDT","Aug 5, 2019 12:00:00 EDT"
"SHAREPOINT","127117","McAfee DLPe Agent < 11.1.200 / 11.2.x Multiple Vulnerabilities (SB10289) (SB10290)","Windows","Medium","EXAMPLE","TCP","445","","","SERVERHOSTEX017","N/A","Dec 7, 2019 00:28:09 EST","Dec 7, 2019 00:28:09 EST","Jul 23, 2019 12:00:00 EDT","Jul 23, 2019 12:00:00 EDT","Aug 5, 2019 12:00:00 EDT"
"SHAREPOINT","127910","Microsoft Defender Elevation of Privilege Vulnerability (CVE-2019-1161)","Windows","Medium","EXAMPLE","TCP","0","","","SERVERHOSTEX017","N/A","Dec 7, 2019 00:28:09 EST","Dec 7, 2019 00:28:09 EST","Aug 13, 2019 12:00:00 EDT","Aug 13, 2019 12:00:00 EDT","Aug 16, 2019 12:00:00 EDT"
"SHAREPOINT","130011","Oracle Java SE 1.7.0_241 / 1.8.0_231 / 1.11.0_5 / 1.13.0_1 Multiple Vulnerabilities (Oct 2019 CPU) (Windows)","Windows","High","EXAMPLE","TCP","445","","","SERVERHOSTEX017","N/A","Dec 7, 2019 00:28:09 EST","Dec 7, 2019 00:28:09 EST","Oct 15, 2019 12:00:00 EDT","Oct 15, 2019 12:00:00 EDT","Oct 17, 2019 12:00:00 EDT"
"SHAREPOINT","35291","SSL Certificate Signed Using Weak Hashing Algorithm","General","Medium","EXAMPLE","TCP","443","","","SERVERHOSTEX017","N/A","Dec 9, 2019 17:13:04 EST","Dec 9, 2019 17:13:04 EST","Aug 18, 2004 12:00:00 EDT","N/A","Jan 5, 2009 12:00:00 EST"
"SHAREPOINT","42873","SSL Medium Strength Cipher Suites Supported (SWEET32)","General","Medium","EXAMPLE","TCP","443","","","SERVERHOSTEX017","N/A","Dec 9, 2019 17:13:04 EST","Dec 9, 2019 17:13:04 EST","Aug 24, 2016 12:00:00 EDT","N/A","Nov 23, 2009 12:00:00 EST"
"SHAREPOINT","51192","SSL Certificate Cannot Be Trusted","General","Medium","EXAMPLE","TCP","443","","","SERVERHOSTEX017","N/A","Dec 9, 2019 17:13:04 EST","Dec 9, 2019 17:13:04 EST","N/A","N/A","Dec 15, 2010 12:00:00 EST"
"SHAREPOINT","57582","SSL Self-Signed Certificate","General","Medium","EXAMPLE","TCP","443","","","SERVERHOSTEX017","N/A","Dec 9, 2019 17:13:04 EST","Dec 9, 2019 17:13:04 EST","N/A","N/A","Jan 17, 2012 12:00:00 EST"
"SHAREPOINT","69551","SSL Certificate Chain Contains RSA Keys Less Than 2048 bits","General","Low","EXAMPLE","TCP","443","","","SERVERHOSTEX017","N/A","Dec 9, 2019 17:13:04 EST","Dec 9, 2019 17:13:04 EST","N/A","N/A","Sep 3, 2013 12:00:00 EDT"
"SHAREPOINT","71049","SSH Weak MAC Algorithms Enabled","Misc.","Low","EXAMPLE","TCP","22","","","SERVERHOSTEX017","N/A","Nov 25, 2019 17:12:47 EST","Dec 9, 2019 17:13:04 EST","N/A","N/A","Nov 22, 2013 12:00:00 EST"
"SHAREPOINT","83875","SSL/TLS Diffie-Hellman Modulus <= 1024 Bits (Logjam)","Misc.","Low","EXAMPLE","TCP","443","","","SERVERHOSTEX017","N/A","Dec 9, 2019 17:13:04 EST","Dec 9, 2019 17:13:04 EST","May 20, 2015 12:00:00 EDT","N/A","May 28, 2015 12:00:00 EDT"
"SHAREPOINT","97861","Network Time Protocol (NTP) Mode 6 Scanner","Misc.","Medium","EXAMPLE","UDP","123","","","SERVERHOSTEX018","N/A","Dec 9, 2019 17:13:04 EST","Dec 9, 2019 17:13:04 EST","N/A","N/A","Mar 21, 2017 12:00:00 EDT"
"SHAREPOINT","70658","SSH Server CBC Mode Ciphers Enabled","Misc.","Low","EXAMPLE","TCP","22","","","SERVERHOSTEX018","N/A","Aug 21, 2019 02:55:39 EDT","Dec 9, 2019 17:13:04 EST","Nov 24, 2008 12:00:00 EST","N/A","Oct 28, 2013 12:00:00 EDT"
"SHAREPOINT","71049","SSH Weak MAC Algorithms Enabled","Misc.","Low","EXAMPLE","TCP","22","","","SERVERHOSTEX018","N/A","Aug 21, 2019 02:55:39 EDT","Dec 9, 2019 17:13:04 EST","N/A","N/A","Nov 22, 2013 12:00:00 EST"
"SHAREPOINT","97861","Network Time Protocol (NTP) Mode 6 Scanner","Misc.","Medium","EXAMPLE","UDP","123","","","SERVERHOSTEX018","N/A","Aug 27, 2019 05:01:25 EDT","Dec 9, 2019 17:13:04 EST","N/A","N/A","Mar 21, 2017 12:00:00 EDT"
"SHAREPOINT","70658","SSH Server CBC Mode Ciphers Enabled","Misc.","Low","EXAMPLE","TCP","22","","","SERVERHOSTEX018","N/A","Aug 21, 2019 02:55:39 EDT","Dec 9, 2019 17:13:04 EST","Nov 24, 2008 12:00:00 EST","N/A","Oct 28, 2013 12:00:00 EDT"
"SHAREPOINT","71049","SSH Weak MAC Algorithms Enabled","Misc.","Low","EXAMPLE","TCP","22","","","SERVERHOSTEX018","N/A","Aug 21, 2019 02:55:39 EDT","Dec 9, 2019 17:13:04 EST","N/A","N/A","Nov 22, 2013 12:00:00 EST"
"SHAREPOINT","97861","Network Time Protocol (NTP) Mode 6 Scanner","Misc.","Medium","EXAMPLE","UDP","123","","","SERVERHOSTEX018","N/A","Dec 9, 2019 17:13:04 EST","Dec 9, 2019 17:13:04 EST","N/A","N/A","Mar 21, 2017 12:00:00 EDT"
"SHAREPOINT","42873","SSL Medium Strength Cipher Suites Supported (SWEET32)","General","Medium","EXAMPLE","TCP","281","","","SERVERHOSTEX018","N/A","Dec 7, 2019 00:28:09 EST","Dec 7, 2019 00:28:09 EST","Aug 24, 2016 12:00:00 EDT","N/A","Nov 23, 2009 12:00:00 EST"
"SHAREPOINT","51192","SSL Certificate Cannot Be Trusted","General","Medium","EXAMPLE","TCP","281","","","SERVERHOSTEX018","N/A","Dec 7, 2019 00:28:09 EST","Dec 7, 2019 00:28:09 EST","N/A","N/A","Dec 15, 2010 12:00:00 EST"
"SHAREPOINT","57582","SSL Self-Signed Certificate","General","Medium","EXAMPLE","TCP","281","","","SERVERHOSTEX018","N/A","Dec 7, 2019 00:28:09 EST","Dec 7, 2019 00:28:09 EST","N/A","N/A","Jan 17, 2012 12:00:00 EST"
"SHAREPOINT","130011","Oracle Java SE 1.7.0_241 / 1.8.0_231 / 1.11.0_5 / 1.13.0_1 Multiple Vulnerabilities (Oct 2019 CPU) (Windows)","Windows","High","EXAMPLE","TCP","445","","","SERVERHOSTEX018","N/A","Dec 7, 2019 00:28:09 EST","Dec 7, 2019 00:28:09 EST","Oct 15, 2019 12:00:00 EDT","Oct 15, 2019 12:00:00 EDT","Oct 17, 2019 12:00:00 EDT"
"SHAREPOINT","131190","Google Chrome < 78.0.3904.108 Multiple Vulnerabilities","Windows","Medium","EXAMPLE","TCP","445","","","SERVERHOSTEX018","N/A","Dec 7, 2019 00:28:09 EST","Dec 7, 2019 00:28:09 EST","Nov 18, 2019 12:00:00 EST","Nov 18, 2019 12:00:00 EST","Nov 22, 2019 12:00:00 EST"
"SHAREPOINT","42873","SSL Medium Strength Cipher Suites Supported (SWEET32)","General","Medium","EXAMPLE","TCP","281","","","SERVERHOSTEX018","N/A","Dec 7, 2019 00:28:09 EST","Dec 7, 2019 00:28:09 EST","Aug 24, 2016 12:00:00 EDT","N/A","Nov 23, 2009 12:00:00 EST"
"SHAREPOINT","51192","SSL Certificate Cannot Be Trusted","General","Medium","EXAMPLE","TCP","281","","","SERVERHOSTEX018","N/A","Dec 7, 2019 00:28:09 EST","Dec 7, 2019 00:28:09 EST","N/A","N/A","Dec 15, 2010 12:00:00 EST"
"SHAREPOINT","57582","SSL Self-Signed Certificate","General","Medium","EXAMPLE","TCP","281","","","SERVERHOSTEX018","N/A","Dec 7, 2019 00:28:09 EST","Dec 7, 2019 00:28:09 EST","N/A","N/A","Jan 17, 2012 12:00:00 EST"
"SHAREPOINT","42873","SSL Medium Strength Cipher Suites Supported (SWEET32)","General","Medium","EXAMPLE","TCP","281","","","SERVERHOSTEX018","N/A","Oct 25, 2019 19:48:33 EDT","Dec 7, 2019 00:28:09 EST","Aug 24, 2016 12:00:00 EDT","N/A","Nov 23, 2009 12:00:00 EST"
"SHAREPOINT","51192","SSL Certificate Cannot Be Trusted","General","Medium","EXAMPLE","TCP","281","","","SERVERHOSTEX018","N/A","Oct 25, 2019 19:48:33 EDT","Dec 7, 2019 00:28:09 EST","N/A","N/A","Dec 15, 2010 12:00:00 EST"
"SHAREPOINT","57582","SSL Self-Signed Certificate","General","Medium","EXAMPLE","TCP","281","","","SERVERHOSTEX018","N/A","Oct 25, 2019 19:48:33 EDT","Dec 7, 2019 00:28:09 EST","N/A","N/A","Jan 17, 2012 12:00:00 EST"
"SHAREPOINT","130011","Oracle Java SE 1.7.0_241 / 1.8.0_231 / 1.11.0_5 / 1.13.0_1 Multiple Vulnerabilities (Oct 2019 CPU) (Windows)","Windows","High","EXAMPLE","TCP","445","","","SERVERHOSTEX018","N/A","Dec 7, 2019 00:28:09 EST","Dec 7, 2019 00:28:09 EST","Oct 15, 2019 12:00:00 EDT","Oct 15, 2019 12:00:00 EDT","Oct 17, 2019 12:00:00 EDT"
"SHAREPOINT","42873","SSL Medium Strength Cipher Suites Supported (SWEET32)","General","Medium","EXAMPLE","TCP","281","","","SERVERHOSTEX018","N/A","Dec 7, 2019 00:28:09 EST","Dec 7, 2019 00:28:09 EST","Aug 24, 2016 12:00:00 EDT","N/A","Nov 23, 2009 12:00:00 EST"
"SHAREPOINT","51192","SSL Certificate Cannot Be Trusted","General","Medium","EXAMPLE","TCP","281","","","SERVERHOSTEX018","N/A","Dec 7, 2019 00:28:09 EST","Dec 7, 2019 00:28:09 EST","N/A","N/A","Dec 15, 2010 12:00:00 EST"
"SHAREPOINT","57582","SSL Self-Signed Certificate","General","Medium","EXAMPLE","TCP","281","","","SERVERHOSTEX018","N/A","Dec 7, 2019 00:28:09 EST","Dec 7, 2019 00:28:09 EST","N/A","N/A","Jan 17, 2012 12:00:00 EST"
"SHAREPOINT","42873","SSL Medium Strength Cipher Suites Supported (SWEET32)","General","Medium","EXAMPLE","TCP","281","","","SERVERHOSTEX018","N/A","Dec 7, 2019 00:28:09 EST","Dec 7, 2019 00:28:09 EST","Aug 24, 2016 12:00:00 EDT","N/A","Nov 23, 2009 12:00:00 EST"
,"51192","SSL Certificate Cannot Be Trusted","General","Medium","EXAMPLE","TCP","281","","","SERVERHOSTEX019","N/A","Dec 7, 2019 00:28:09 EST","Dec 7, 2019 00:28:09 EST","N/A","N/A","Dec 15, 2010 12:00:00 EST"
,"57582","SSL Self-Signed Certificate","General","Medium","EXAMPLE","TCP","281","","","SERVERHOSTEX019","N/A","Dec 7, 2019 00:28:09 EST","Dec 7, 2019 00:28:09 EST","N/A","N/A","Jan 17, 2012 12:00:00 EST"
,"42873","SSL Medium Strength Cipher Suites Supported (SWEET32)","General","Medium","EXAMPLE","TCP","281","","","SERVERHOSTEX019","N/A","Dec 7, 2019 00:28:09 EST","Dec 7, 2019 00:28:09 EST","Aug 24, 2016 12:00:00 EDT","N/A","Nov 23, 2009 12:00:00 EST"
,"51192","SSL Certificate Cannot Be Trusted","General","Medium","EXAMPLE","TCP","281","","","SERVERHOSTEX019","N/A","Dec 7, 2019 00:28:09 EST","Dec 7, 2019 00:28:09 EST","N/A","N/A","Dec 15, 2010 12:00:00 EST"
,"57582","SSL Self-Signed Certificate","General","Medium","EXAMPLE","TCP","281","","","SERVERHOSTEX019","N/A","Dec 7, 2019 00:28:09 EST","Dec 7, 2019 00:28:09 EST","N/A","N/A","Jan 17, 2012 12:00:00 EST"
,"42873","SSL Medium Strength Cipher Suites Supported (SWEET32)","General","Medium","EXAMPLE","TCP","281","","","SERVERHOSTEX019","N/A","Nov 15, 2019 17:29:54 EST","Dec 7, 2019 00:28:09 EST","Aug 24, 2016 12:00:00 EDT","N/A","Nov 23, 2009 12:00:00 EST"
,"51192","SSL Certificate Cannot Be Trusted","General","Medium","EXAMPLE","TCP","281","","","SERVERHOSTEX019","N/A","Nov 15, 2019 17:29:54 EST","Dec 7, 2019 00:28:09 EST","N/A","N/A","Dec 15, 2010 12:00:00 EST"
,"57582","SSL Self-Signed Certificate","General","Medium","EXAMPLE","TCP","281","","","SERVERHOSTEX019","N/A","Nov 15, 2019 17:29:54 EST","Dec 7, 2019 00:28:09 EST","N/A","N/A","Jan 17, 2012 12:00:00 EST"
,"42873","SSL Medium Strength Cipher Suites Supported (SWEET32)","General","Medium","EXAMPLE","TCP","281","","","SERVERHOSTEX019","N/A","Dec 7, 2019 00:28:09 EST","Dec 7, 2019 00:28:09 EST","Aug 24, 2016 12:00:00 EDT","N/A","Nov 23, 2009 12:00:00 EST"
,"51192","SSL Certificate Cannot Be Trusted","General","Medium","EXAMPLE","TCP","281","","","SERVERHOSTEX019","N/A","Dec 7, 2019 00:28:09 EST","Dec 7, 2019 00:28:09 EST","N/A","N/A","Dec 15, 2010 12:00:00 EST"
,"57582","SSL Self-Signed Certificate","General","Medium","EXAMPLE","TCP","281","","","SERVERHOSTEX019","N/A","Dec 7, 2019 00:28:09 EST","Dec 7, 2019 00:28:09 EST","N/A","N/A","Jan 17, 2012 12:00:00 EST"
,"42873","SSL Medium Strength Cipher Suites Supported (SWEET32)","General","Medium","EXAMPLE","TCP","281","","","SERVERHOSTEX019","N/A","Nov 15, 2019 17:29:54 EST","Dec 7, 2019 00:28:09 EST","Aug 24, 2016 12:00:00 EDT","N/A","Nov 23, 2009 12:00:00 EST"
,"51192","SSL Certificate Cannot Be Trusted","General","Medium","EXAMPLE","TCP","281","","","SERVERHOSTEX019","N/A","Nov 15, 2019 17:29:54 EST","Dec 7, 2019 00:28:09 EST","N/A","N/A","Dec 15, 2010 12:00:00 EST"
,"57582","SSL Self-Signed Certificate","General","Medium","EXAMPLE","TCP","281","","","SERVERHOSTEX019","N/A","Nov 15, 2019 17:29:54 EST","Dec 7, 2019 00:28:09 EST","N/A","N/A","Jan 17, 2012 12:00:00 EST"
,"42873","SSL Medium Strength Cipher Suites Supported (SWEET32)","General","Medium","EXAMPLE","TCP","281","","","SERVERHOSTEX019","N/A","Dec 7, 2019 00:28:09 EST","Dec 7, 2019 00:28:09 EST","Aug 24, 2016 12:00:00 EDT","N/A","Nov 23, 2009 12:00:00 EST"
,"51192","SSL Certificate Cannot Be Trusted","General","Medium","EXAMPLE","TCP","281","","","SERVERHOSTEX019","N/A","Dec 7, 2019 00:28:09 EST","Dec 7, 2019 00:28:09 EST","N/A","N/A","Dec 15, 2010 12:00:00 EST"
,"57582","SSL Self-Signed Certificate","General","Medium","EXAMPLE","TCP","281","","","SERVERHOSTEX019","N/A","Dec 7, 2019 00:28:09 EST","Dec 7, 2019 00:28:09 EST","N/A","N/A","Jan 17, 2012 12:00:00 EST"
,"42873","SSL Medium Strength Cipher Suites Supported (SWEET32)","General","Medium","EXAMPLE","TCP","281","","","SERVERHOSTEX019","N/A","Oct 22, 2019 12:32:39 EDT","Dec 7, 2019 00:28:09 EST","Aug 24, 2016 12:00:00 EDT","N/A","Nov 23, 2009 12:00:00 EST"
,"51192","SSL Certificate Cannot Be Trusted","General","Medium","EXAMPLE","TCP","281","","","SERVERHOSTEX019","N/A","Oct 22, 2019 12:32:39 EDT","Dec 7, 2019 00:28:09 EST","N/A","N/A","Dec 15, 2010 12:00:00 EST"
,"57582","SSL Self-Signed Certificate","General","Medium","EXAMPLE","TCP","281","","","SERVERHOSTEX019","N/A","Oct 22, 2019 12:32:39 EDT","Dec 7, 2019 00:28:09 EST","N/A","N/A","Jan 17, 2012 12:00:00 EST"
,"130011","Oracle Java SE 1.7.0_241 / 1.8.0_231 / 1.11.0_5 / 1.13.0_1 Multiple Vulnerabilities (Oct 2019 CPU) (Windows)","Windows","High","EXAMPLE","TCP","445","","","SERVERHOSTEX019","N/A","Dec 7, 2019 00:28:09 EST","Dec 7, 2019 00:28:09 EST","Oct 15, 2019 12:00:00 EDT","Oct 15, 2019 12:00:00 EDT","Oct 17, 2019 12:00:00 EDT"
,"71049","SSH Weak MAC Algorithms Enabled","Misc.","Low","EXAMPLE","TCP","22","","","SERVERHOSTEX019","N/A","Nov 5, 2019 19:16:52 EST","Dec 9, 2019 17:13:04 EST","N/A","N/A","Nov 22, 2013 12:00:00 EST"
,"97861","Network Time Protocol (NTP) Mode 6 Scanner","Misc.","Medium","EXAMPLE","UDP","123","","","SERVERHOSTEX019","N/A","Dec 9, 2019 17:13:04 EST","Dec 9, 2019 17:13:04 EST","N/A","N/A","Mar 21, 2017 12:00:00 EDT"
"DFS SERVER","35291","SSL Certificate Signed Using Weak Hashing Algorithm","General","Medium","EXAMPLE","TCP","443","","","SERVERHOSTEX005","N/A","Dec 9, 2019 17:13:04 EST","Dec 9, 2019 17:13:04 EST","Aug 18, 2004 12:00:00 EDT","N/A","Jan 5, 2009 12:00:00 EST"
"DFS SERVER","51192","SSL Certificate Cannot Be Trusted","General","Medium","EXAMPLE","TCP","443","","","SERVERHOSTEX005","N/A","Dec 9, 2019 17:13:04 EST","Dec 9, 2019 17:13:04 EST","N/A","N/A","Dec 15, 2010 12:00:00 EST"
"DFS SERVER","57582","SSL Self-Signed Certificate","General","Medium","EXAMPLE","TCP","443","","","SERVERHOSTEX005","N/A","Dec 9, 2019 17:13:04 EST","Dec 9, 2019 17:13:04 EST","N/A","N/A","Jan 17, 2012 12:00:00 EST"
"DFS SERVER","71049","SSH Weak MAC Algorithms Enabled","Misc.","Low","EXAMPLE","TCP","22","","","SERVERHOSTEX005","N/A","Aug 21, 2019 02:55:39 EDT","Dec 9, 2019 17:13:04 EST","N/A","N/A","Nov 22, 2013 12:00:00 EST"
"DFS SERVER","70658","SSH Server CBC Mode Ciphers Enabled","Misc.","Low","EXAMPLE","TCP","22","","","SERVERHOSTEX005","N/A","Aug 21, 2019 02:55:39 EDT","Dec 9, 2019 17:13:04 EST","Nov 24, 2008 12:00:00 EST","N/A","Oct 28, 2013 12:00:00 EDT"
"DFS SERVER","71049","SSH Weak MAC Algorithms Enabled","Misc.","Low","EXAMPLE","TCP","22","","","SERVERHOSTEX005","N/A","Aug 21, 2019 02:55:39 EDT","Dec 9, 2019 17:13:04 EST","N/A","N/A","Nov 22, 2013 12:00:00 EST"
"DFS SERVER","97861","Network Time Protocol (NTP) Mode 6 Scanner","Misc.","Medium","EXAMPLE","UDP","123","","","SERVERHOSTEX005","N/A","Nov 5, 2019 19:16:52 EST","Dec 9, 2019 17:13:04 EST","N/A","N/A","Mar 21, 2017 12:00:00 EDT"
"DFS SERVER","35291","SSL Certificate Signed Using Weak Hashing Algorithm","General","Medium","EXAMPLE","TCP","443","","","SERVERHOSTEX005","N/A","Oct 30, 2019 22:55:22 EDT","Dec 9, 2019 17:13:04 EST","Aug 18, 2004 12:00:00 EDT","N/A","Jan 5, 2009 12:00:00 EST"
"DFS SERVER","51192","SSL Certificate Cannot Be Trusted","General","Medium","EXAMPLE","TCP","443","","","SERVERHOSTEX005","N/A","Oct 30, 2019 22:55:22 EDT","Dec 9, 2019 17:13:04 EST","N/A","N/A","Dec 15, 2010 12:00:00 EST"
"DFS SERVER","57582","SSL Self-Signed Certificate","General","Medium","EXAMPLE","TCP","443","","","SERVERHOSTEX005","N/A","Oct 30, 2019 22:55:22 EDT","Dec 9, 2019 17:13:04 EST","N/A","N/A","Jan 17, 2012 12:00:00 EST"
"DFS SERVER","69551","SSL Certificate Chain Contains RSA Keys Less Than 2048 bits","General","Low","EXAMPLE","TCP","443","","","SERVERHOSTEX005","N/A","Oct 30, 2019 22:55:22 EDT","Dec 9, 2019 17:13:04 EST","N/A","N/A","Sep 3, 2013 12:00:00 EDT"
"DFS SERVER","71049","SSH Weak MAC Algorithms Enabled","Misc.","Low","EXAMPLE","TCP","22","","","SERVERHOSTEX005","N/A","Aug 21, 2019 02:55:39 EDT","Dec 9, 2019 17:13:04 EST","N/A","N/A","Nov 22, 2013 12:00:00 EST"
"DFS SERVER","35291","SSL Certificate Signed Using Weak Hashing Algorithm","General","Medium","EXAMPLE","TCP","443","","","SERVERHOSTEX005","N/A","Nov 5, 2019 19:16:52 EST","Dec 9, 2019 17:13:04 EST","Aug 18, 2004 12:00:00 EDT","N/A","Jan 5, 2009 12:00:00 EST"
"DFS SERVER","51192","SSL Certificate Cannot Be Trusted","General","Medium","EXAMPLE","TCP","443","","","SERVERHOSTEX005","N/A","Nov 5, 2019 19:16:52 EST","Dec 9, 2019 17:13:04 EST","N/A","N/A","Dec 15, 2010 12:00:00 EST"
"DFS SERVER","57582","SSL Self-Signed Certificate","General","Medium","EXAMPLE","TCP","443","","","SERVERHOSTEX005","N/A","Nov 5, 2019 19:16:52 EST","Dec 9, 2019 17:13:04 EST","N/A","N/A","Jan 17, 2012 12:00:00 EST"
"","69551","SSL Certificate Chain Contains RSA Keys Less Than 2048 bits","General","Low","EXAMPLE","TCP","443","","","SERVERHOSTEX025","N/A","Nov 5, 2019 19:16:52 EST","Dec 9, 2019 17:13:04 EST","N/A","N/A","Sep 3, 2013 12:00:00 EDT"
"","71049","SSH Weak MAC Algorithms Enabled","Misc.","Low","EXAMPLE","TCP","22","","","SERVERHOSTEX025","N/A","Aug 21, 2019 02:55:39 EDT","Dec 9, 2019 17:13:04 EST","N/A","N/A","Nov 22, 2013 12:00:00 EST"
"","70658","SSH Server CBC Mode Ciphers Enabled","Misc.","Low","EXAMPLE","TCP","22","","","SERVERHOSTEX025","N/A","Aug 21, 2019 02:55:39 EDT","Dec 9, 2019 17:13:04 EST","Nov 24, 2008 12:00:00 EST","N/A","Oct 28, 2013 12:00:00 EDT"
"","71049","SSH Weak MAC Algorithms Enabled","Misc.","Low","EXAMPLE","TCP","22","","","SERVERHOSTEX025","N/A","Aug 21, 2019 02:55:39 EDT","Dec 9, 2019 17:13:04 EST","N/A","N/A","Nov 22, 2013 12:00:00 EST"
"","97861","Network Time Protocol (NTP) Mode 6 Scanner","Misc.","Medium","EXAMPLE","UDP","123","","","SERVERHOSTEX025","N/A","Dec 9, 2019 17:13:04 EST","Dec 9, 2019 17:13:04 EST","N/A","N/A","Mar 21, 2017 12:00:00 EDT"
"","42873","SSL Medium Strength Cipher Suites Supported (SWEET32)","General","Medium","EXAMPLE","TCP","281","","","SERVERHOSTEX025","N/A","Oct 22, 2019 12:32:39 EDT","Dec 7, 2019 00:28:09 EST","Aug 24, 2016 12:00:00 EDT","N/A","Nov 23, 2009 12:00:00 EST"
"","51192","SSL Certificate Cannot Be Trusted","General","Medium","EXAMPLE","TCP","281","","","SERVERHOSTEX025","N/A","Oct 22, 2019 12:32:39 EDT","Dec 7, 2019 00:28:09 EST","N/A","N/A","Dec 15, 2010 12:00:00 EST"
"","57582","SSL Self-Signed Certificate","General","Medium","EXAMPLE","TCP","281","","","SERVERHOSTEX025","N/A","Oct 22, 2019 12:32:39 EDT","Dec 7, 2019 00:28:09 EST","N/A","N/A","Jan 17, 2012 12:00:00 EST"
"","63155","Microsoft Windows Unquoted Service Path Enumeration","Windows","Medium","EXAMPLE","TCP","445","","","SERVERHOSTEX025","N/A","Dec 7, 2019 00:28:09 EST","Dec 7, 2019 00:28:09 EST","Sep 15, 2012 12:00:00 EDT","N/A","Dec 5, 2012 12:00:00 EST"
"","127910","Microsoft Defender Elevation of Privilege Vulnerability (CVE-2019-1161)","Windows","Medium","EXAMPLE","TCP","0","","","SERVERHOSTEX025","N/A","Dec 7, 2019 00:28:09 EST","Dec 7, 2019 00:28:09 EST","Aug 13, 2019 12:00:00 EDT","Aug 13, 2019 12:00:00 EDT","Aug 16, 2019 12:00:00 EDT"
"","130011","Oracle Java SE 1.7.0_241 / 1.8.0_231 / 1.11.0_5 / 1.13.0_1 Multiple Vulnerabilities (Oct 2019 CPU) (Windows)","Windows","High","EXAMPLE","TCP","445","","","SERVERHOSTEX025","N/A","Dec 7, 2019 00:28:09 EST","Dec 7, 2019 00:28:09 EST","Oct 15, 2019 12:00:00 EDT","Oct 15, 2019 12:00:00 EDT","Oct 17, 2019 12:00:00 EDT"
"","130901","KB4523205: Windows 10 Version 1809 and Windows Server 2019 November 2019 Security Update","Windows : Microsoft Bulletins","High","EXAMPLE","TCP","445","","","SERVERHOSTEX025","N/A","Dec 7, 2019 00:28:09 EST","Dec 7, 2019 00:28:09 EST","Nov 12, 2019 12:00:00 EST","Nov 12, 2019 12:00:00 EST","Nov 12, 2019 12:00:00 EST"
"","131190","Google Chrome < 78.0.3904.108 Multiple Vulnerabilities","Windows","Medium","EXAMPLE","TCP","445","","","SERVERHOSTEX025","N/A","Dec 7, 2019 00:28:09 EST","Dec 7, 2019 00:28:09 EST","Nov 18, 2019 12:00:00 EST","Nov 18, 2019 12:00:00 EST","Nov 22, 2019 12:00:00 EST"
"","42873","SSL Medium Strength Cipher Suites Supported (SWEET32)","General","Medium","EXAMPLE","TCP","281","","","SERVERHOSTEX025","N/A","Dec 7, 2019 00:28:09 EST","Dec 7, 2019 00:28:09 EST","Aug 24, 2016 12:00:00 EDT","N/A","Nov 23, 2009 12:00:00 EST"
"","51192","SSL Certificate Cannot Be Trusted","General","Medium","EXAMPLE","TCP","281","","","SERVERHOSTEX025","N/A","Dec 7, 2019 00:28:09 EST","Dec 7, 2019 00:28:09 EST","N/A","N/A","Dec 15, 2010 12:00:00 EST"
"","57582","SSL Self-Signed Certificate","General","Medium","EXAMPLE","TCP","281","","","SERVERHOSTEX025","N/A","Dec 7, 2019 00:28:09 EST","Dec 7, 2019 00:28:09 EST","N/A","N/A","Jan 17, 2012 12:00:00 EST"
"","127910","Microsoft Defender Elevation of Privilege Vulnerability (CVE-2019-1161)","Windows","Medium","EXAMPLE","TCP","0","","","SERVERHOSTEX025","N/A","Dec 7, 2019 00:28:09 EST","Dec 7, 2019 00:28:09 EST","Aug 13, 2019 12:00:00 EDT","Aug 13, 2019 12:00:00 EDT","Aug 16, 2019 12:00:00 EDT"
"","130011","Oracle Java SE 1.7.0_241 / 1.8.0_231 / 1.11.0_5 / 1.13.0_1 Multiple Vulnerabilities (Oct 2019 CPU) (Windows)","Windows","High","EXAMPLE","TCP","445","","","SERVERHOSTEX025","N/A","Dec 7, 2019 00:28:09 EST","Dec 7, 2019 00:28:09 EST","Oct 15, 2019 12:00:00 EDT","Oct 15, 2019 12:00:00 EDT","Oct 17, 2019 12:00:00 EDT"
"ACTIVE DIRECTORY","131190","Google Chrome < 78.0.3904.108 Multiple Vulnerabilities","Windows","Medium","EXAMPLE","TCP","445","","","SERVERHOSTEX008","N/A","Dec 7, 2019 00:28:09 EST","Dec 7, 2019 00:28:09 EST","Nov 18, 2019 12:00:00 EST","Nov 18, 2019 12:00:00 EST","Nov 22, 2019 12:00:00 EST"
"ACTIVE DIRECTORY","42873","SSL Medium Strength Cipher Suites Supported (SWEET32)","General","Medium","EXAMPLE","TCP","281","","","SERVERHOSTEX008","N/A","Dec 7, 2019 00:28:09 EST","Dec 7, 2019 00:28:09 EST","Aug 24, 2016 12:00:00 EDT","N/A","Nov 23, 2009 12:00:00 EST"
"ACTIVE DIRECTORY","51192","SSL Certificate Cannot Be Trusted","General","Medium","EXAMPLE","TCP","281","","","SERVERHOSTEX008","N/A","Dec 7, 2019 00:28:09 EST","Dec 7, 2019 00:28:09 EST","N/A","N/A","Dec 15, 2010 12:00:00 EST"
"ACTIVE DIRECTORY","57582","SSL Self-Signed Certificate","General","Medium","EXAMPLE","TCP","281","","","SERVERHOSTEX008","N/A","Dec 7, 2019 00:28:09 EST","Dec 7, 2019 00:28:09 EST","N/A","N/A","Jan 17, 2012 12:00:00 EST"
"ACTIVE DIRECTORY","127910","Microsoft Defender Elevation of Privilege Vulnerability (CVE-2019-1161)","Windows","Medium","EXAMPLE","TCP","0","","","SERVERHOSTEX008","N/A","Dec 7, 2019 00:28:09 EST","Dec 7, 2019 00:28:09 EST","Aug 13, 2019 12:00:00 EDT","Aug 13, 2019 12:00:00 EDT","Aug 16, 2019 12:00:00 EDT"
"ACTIVE DIRECTORY","130011","Oracle Java SE 1.7.0_241 / 1.8.0_231 / 1.11.0_5 / 1.13.0_1 Multiple Vulnerabilities (Oct 2019 CPU) (Windows)","Windows","High","EXAMPLE","TCP","445","","","SERVERHOSTEX008","N/A","Dec 7, 2019 00:28:09 EST","Dec 7, 2019 00:28:09 EST","Oct 15, 2019 12:00:00 EDT","Oct 15, 2019 12:00:00 EDT","Oct 17, 2019 12:00:00 EDT"
"ACTIVE DIRECTORY","130901","KB4523205: Windows 10 Version 1809 and Windows Server 2019 November 2019 Security Update","Windows : Microsoft Bulletins","High","EXAMPLE","TCP","445","","","SERVERHOSTEX008","N/A","Dec 7, 2019 00:28:09 EST","Dec 7, 2019 00:28:09 EST","Nov 12, 2019 12:00:00 EST","Nov 12, 2019 12:00:00 EST","Nov 12, 2019 12:00:00 EST"
"ACTIVE DIRECTORY","131190","Google Chrome < 78.0.3904.108 Multiple Vulnerabilities","Windows","Medium","EXAMPLE","TCP","445","","","SERVERHOSTEX008","N/A","Dec 7, 2019 00:28:09 EST","Dec 7, 2019 00:28:09 EST","Nov 18, 2019 12:00:00 EST","Nov 18, 2019 12:00:00 EST","Nov 22, 2019 12:00:00 EST"
"ACTIVE DIRECTORY","42873","SSL Medium Strength Cipher Suites Supported (SWEET32)","General","Medium","EXAMPLE","TCP","281","","","SERVERHOSTEX008","N/A","Dec 7, 2019 00:28:09 EST","Dec 7, 2019 00:28:09 EST","Aug 24, 2016 12:00:00 EDT","N/A","Nov 23, 2009 12:00:00 EST"
"ACTIVE DIRECTORY","51192","SSL Certificate Cannot Be Trusted","General","Medium","EXAMPLE","TCP","281","","","SERVERHOSTEX008","N/A","Dec 7, 2019 00:28:09 EST","Dec 7, 2019 00:28:09 EST","N/A","N/A","Dec 15, 2010 12:00:00 EST"
"ACTIVE DIRECTORY","57582","SSL Self-Signed Certificate","General","Medium","EXAMPLE","TCP","281","","","SERVERHOSTEX008","N/A","Dec 7, 2019 00:28:09 EST","Dec 7, 2019 00:28:09 EST","N/A","N/A","Jan 17, 2012 12:00:00 EST"
"ACTIVE DIRECTORY","42873","SSL Medium Strength Cipher Suites Supported (SWEET32)","General","Medium","EXAMPLE","TCP","281","","","SERVERHOSTEX008","N/A","Dec 7, 2019 00:28:09 EST","Dec 7, 2019 00:28:09 EST","Aug 24, 2016 12:00:00 EDT","N/A","Nov 23, 2009 12:00:00 EST"
"ACTIVE DIRECTORY","51192","SSL Certificate Cannot Be Trusted","General","Medium","EXAMPLE","TCP","281","","","SERVERHOSTEX008","N/A","Dec 7, 2019 00:28:09 EST","Dec 7, 2019 00:28:09 EST","N/A","N/A","Dec 15, 2010 12:00:00 EST"
"ACTIVE DIRECTORY","57582","SSL Self-Signed Certificate","General","Medium","EXAMPLE","TCP","281","","","SERVERHOSTEX008","N/A","Dec 7, 2019 00:28:09 EST","Dec 7, 2019 00:28:09 EST","N/A","N/A","Jan 17, 2012 12:00:00 EST"
"ACTIVE DIRECTORY","42873","SSL Medium Strength Cipher Suites Supported (SWEET32)","General","Medium","EXAMPLE","TCP","281","","","SERVERHOSTEX008","N/A","Dec 7, 2019 00:28:09 EST","Dec 7, 2019 00:28:09 EST","Aug 24, 2016 12:00:00 EDT","N/A","Nov 23, 2009 12:00:00 EST"
"ACTIVE DIRECTORY","51192","SSL Certificate Cannot Be Trusted","General","Medium","EXAMPLE","TCP","281","","","SERVERHOSTEX008","N/A","Dec 7, 2019 00:28:09 EST","Dec 7, 2019 00:28:09 EST","N/A","N/A","Dec 15, 2010 12:00:00 EST"
"ACTIVE DIRECTORY","57582","SSL Self-Signed Certificate","General","Medium","EXAMPLE","TCP","281","","","SERVERHOSTEX008","N/A","Dec 7, 2019 00:28:09 EST","Dec 7, 2019 00:28:09 EST","N/A","N/A","Jan 17, 2012 12:00:00 EST"
"ACTIVE DIRECTORY","127910","Microsoft Defender Elevation of Privilege Vulnerability (CVE-2019-1161)","Windows","Medium","EXAMPLE","TCP","0","","","SERVERHOSTEX008","N/A","Dec 7, 2019 00:28:09 EST","Dec 7, 2019 00:28:09 EST","Aug 13, 2019 12:00:00 EDT","Aug 13, 2019 12:00:00 EDT","Aug 16, 2019 12:00:00 EDT"
"ACTIVE DIRECTORY","131190","Google Chrome < 78.0.3904.108 Multiple Vulnerabilities","Windows","Medium","EXAMPLE","TCP","445","","","SERVERHOSTEX008","N/A","Dec 7, 2019 00:28:09 EST","Dec 7, 2019 00:28:09 EST","Nov 18, 2019 12:00:00 EST","Nov 18, 2019 12:00:00 EST","Nov 22, 2019 12:00:00 EST"
"ACTIVE DIRECTORY","42873","SSL Medium Strength Cipher Suites Supported (SWEET32)","General","Medium","EXAMPLE","TCP","281","","","SERVERHOSTEX008","N/A","Oct 24, 2019 14:18:48 EDT","Dec 7, 2019 00:28:09 EST","Aug 24, 2016 12:00:00 EDT","N/A","Nov 23, 2009 12:00:00 EST"
"ACTIVE DIRECTORY","51192","SSL Certificate Cannot Be Trusted","General","Medium","EXAMPLE","TCP","281","","","SERVERHOSTEX008","N/A","Oct 24, 2019 14:18:48 EDT","Dec 7, 2019 00:28:09 EST","N/A","N/A","Dec 15, 2010 12:00:00 EST"
"SPECTRUM","57582","SSL Self-Signed Certificate","General","Medium","EXAMPLE","TCP","281","","","SERVERHOSTEX010","N/A","Oct 24, 2019 14:18:48 EDT","Dec 7, 2019 00:28:09 EST","N/A","N/A","Jan 17, 2012 12:00:00 EST"
"SPECTRUM","35291","SSL Certificate Signed Using Weak Hashing Algorithm","General","Medium","EXAMPLE","TCP","443","","","SERVERHOSTEX010","N/A","Sep 24, 2019 07:02:31 EDT","Dec 9, 2019 17:13:04 EST","Aug 18, 2004 12:00:00 EDT","N/A","Jan 5, 2009 12:00:00 EST"
"SPECTRUM","51192","SSL Certificate Cannot Be Trusted","General","Medium","EXAMPLE","TCP","443","","","SERVERHOSTEX010","N/A","Sep 24, 2019 07:02:31 EDT","Dec 9, 2019 17:13:04 EST","N/A","N/A","Dec 15, 2010 12:00:00 EST"
"SPECTRUM","57582","SSL Self-Signed Certificate","General","Medium","EXAMPLE","TCP","443","","","SERVERHOSTEX010","N/A","Sep 24, 2019 07:02:31 EDT","Dec 9, 2019 17:13:04 EST","N/A","N/A","Jan 17, 2012 12:00:00 EST"
"SPECTRUM","70658","SSH Server CBC Mode Ciphers Enabled","Misc.","Low","EXAMPLE","TCP","22","","","SERVERHOSTEX010","N/A","Sep 24, 2019 07:02:31 EDT","Dec 9, 2019 17:13:04 EST","Nov 24, 2008 12:00:00 EST","N/A","Oct 28, 2013 12:00:00 EDT"
"SPECTRUM","71049","SSH Weak MAC Algorithms Enabled","Misc.","Low","EXAMPLE","TCP","22","","","SERVERHOSTEX010","N/A","Sep 24, 2019 07:02:31 EDT","Dec 9, 2019 17:13:04 EST","N/A","N/A","Nov 22, 2013 12:00:00 EST"
"SPECTRUM","42263","Unencrypted Telnet Server","Misc.","Medium","EXAMPLE","TCP","9131","","","SERVERHOSTEX010","N/A","Dec 9, 2019 17:13:04 EST","Dec 9, 2019 17:13:04 EST","N/A","N/A","Oct 27, 2009 12:00:00 EDT"
"SPECTRUM","71049","SSH Weak MAC Algorithms Enabled","Misc.","Low","EXAMPLE","TCP","22","","","SERVERHOSTEX010","N/A","Dec 9, 2019 17:13:04 EST","Dec 9, 2019 17:13:04 EST","N/A","N/A","Nov 22, 2013 12:00:00 EST"
"SPECTRUM","97861","Network Time Protocol (NTP) Mode 6 Scanner","Misc.","Medium","EXAMPLE","UDP","123","","","SERVERHOSTEX010","N/A","Dec 9, 2019 17:13:04 EST","Dec 9, 2019 17:13:04 EST","N/A","N/A","Mar 21, 2017 12:00:00 EDT"
